PRAGMA foreign_keys = on;

insert into ESPECIALIDADE values(1, 'Urologia');
insert into ESPECIALIDADE values(2, 'Estomatologia');
insert into ESPECIALIDADE values(3, 'Pediatria');
insert into ESPECIALIDADE values(4, 'Medicina Geral');
insert into ESPECIALIDADE values(5, 'Fisioterapia');
insert into ESPECIALIDADE values(6, 'Osteopatia');

insert into PATOLOGIA values(1, 'Circuncisao');
insert into PATOLOGIA values(2, 'Ortodontia');
insert into PATOLOGIA values(3, 'Branqueamento');
insert into PATOLOGIA values(4, 'Gripe');
insert into PATOLOGIA values(5, 'Febre');
insert into PATOLOGIA values(6, 'Tosse');
insert into PATOLOGIA values(7, 'Covid-19');
insert into PATOLOGIA values(8, 'Anca');
insert into PATOLOGIA values(9, 'Joelho');
insert into PATOLOGIA values(10, 'Femur');
insert into PATOLOGIA values(11, 'Costela');
insert into PATOLOGIA values(12, 'Infeção Urinária');

insert into SEGUROSdeSAUDE values(1, 'Liberty', 2025-05-24);
insert into SEGUROSdeSAUDE values(2, 'AXA', 2022-05-03);
insert into SEGUROSdeSAUDE values(3, 'Servicos Sociais', 2024-08-15);
insert into SEGUROSdeSAUDE values(4, 'AXA', 2024-01-25);
insert into SEGUROSdeSAUDE values(5, 'Servicos Sociais', 2027-01-26);
insert into SEGUROSdeSAUDE values(6, 'Multicare', 2027-08-13);
insert into SEGUROSdeSAUDE values(7, 'Liberty', 2027-03-23);
insert into SEGUROSdeSAUDE values(8, 'Multicare', 2024-01-04);
insert into SEGUROSdeSAUDE values(9, 'Servicos Sociais', 2025-02-02);
insert into SEGUROSdeSAUDE values(10, 'Liberty', 2029-08-07);
insert into SEGUROSdeSAUDE values(11, 'Multicare', 2028-10-24);
insert into SEGUROSdeSAUDE values(12, 'Servicos Sociais', 2024-01-06);
insert into SEGUROSdeSAUDE values(13, 'Servicos Sociais', 2022-10-13);
insert into SEGUROSdeSAUDE values(14, 'Multicare', 2028-04-10);
insert into SEGUROSdeSAUDE values(15, 'Servicos Sociais', 2026-08-07);
insert into SEGUROSdeSAUDE values(16, 'Servicos Sociais', 2029-05-01);
insert into SEGUROSdeSAUDE values(17, 'Multicare', 2027-06-07);
insert into SEGUROSdeSAUDE values(18, 'Multicare', 2023-06-14);
insert into SEGUROSdeSAUDE values(19, 'Liberty', 2025-07-14);
insert into SEGUROSdeSAUDE values(20, 'Servicos Sociais', 2029-10-11);
insert into SEGUROSdeSAUDE values(21, 'Servicos Sociais', 2029-09-04);
insert into SEGUROSdeSAUDE values(22, 'Multicare', 2024-04-20);
insert into SEGUROSdeSAUDE values(23, 'AXA', 2029-08-07);
insert into SEGUROSdeSAUDE values(24, 'AXA', 2028-08-17);
insert into SEGUROSdeSAUDE values(25, 'AXA', 2026-04-26);
insert into SEGUROSdeSAUDE values(26, 'Multicare', 2025-11-26);
insert into SEGUROSdeSAUDE values(27, 'Servicos Sociais', 2028-10-02);
insert into SEGUROSdeSAUDE values(28, 'AXA', 2027-09-26);
insert into SEGUROSdeSAUDE values(29, 'Servicos Sociais', 2027-11-06);
insert into SEGUROSdeSAUDE values(30, 'Servicos Sociais', 2023-05-05);
insert into SEGUROSdeSAUDE values(31, 'Multicare', 2028-01-20);
insert into SEGUROSdeSAUDE values(32, 'Multicare', 2025-11-08);
insert into SEGUROSdeSAUDE values(33, 'Servicos Sociais', 2023-05-11);
insert into SEGUROSdeSAUDE values(34, 'AXA', 2026-04-06);
insert into SEGUROSdeSAUDE values(35, 'AXA', 2028-11-22);
insert into SEGUROSdeSAUDE values(36, 'Multicare', 2022-06-10);
insert into SEGUROSdeSAUDE values(37, 'Servicos Sociais', 2027-10-02);
insert into SEGUROSdeSAUDE values(38, 'AXA', 2023-07-23);
insert into SEGUROSdeSAUDE values(39, 'Servicos Sociais', 2025-07-27);

insert into PACIENTE values(1, 914009721, 'Jorge Almeida', 'Bairro de Granada', 1985-11-08, 'F', 'Doutor de Informática');
insert into PACIENTE values(2, 922295459, 'Anderson Almeida', 'Entroncamento de Roma', 2000-05-28, 'F', 'Advogado de Informática');
insert into PACIENTE values(3, 925577932, 'Ricardo Barbosa', 'Bairro de Faro', 1984-05-26, 'O', 'Gestor de Sistemas');
insert into PACIENTE values(4, 924890147, 'Bernardo Pereira', 'Perfeitura de Brasília', 2013-09-25, 'F', 'Secretário de Programas');
insert into PACIENTE values(5, 924408546, 'Júlia Araújo', 'Avenida de Melbourne', 1976-01-06, 'M', 'Advogado de Programas');
insert into PACIENTE values(6, 917683101, 'Paula Barbosa', 'Rua de Braga', 2010-10-12, 'F', 'Advogado de Informática');
insert into PACIENTE values(7, 916856583, 'Anderson Veiga', 'Perfeitura de Matosinhos', 1966-09-04, 'O', 'Doutor de Civil');
insert into PACIENTE values(8, 911769104, 'Juliano Silva', 'Rua de Brasília', 1968-09-12, 'O', 'Contabilista de Sistemas');
insert into PACIENTE values(9, 924290827, 'João Pereira', 'Avenida de Braga', 1958-03-18, 'M', 'Contabilista de Estados');
insert into PACIENTE values(10, 922767788, 'Joana Silva', 'Bairro de Faro', 1994-01-02, 'M', 'Professor de Civil');
insert into PACIENTE values(11, 922215306, 'Afonso Guedes', 'Avenida de Melbourne', 1987-12-10, 'O', 'Advogado de Estados');
insert into PACIENTE values(12, 926484528, 'Guilherme Gigante', 'Rua de Turim', 2017-10-27, 'O', 'Contabilista de Civil');
insert into PACIENTE values(13, 919842653, 'Francisca Moreira', 'Bairro de Faro', 1968-07-01, 'O', 'Contabilista de Sistemas');
insert into PACIENTE values(14, 915631384, 'Anderson Pinheiro', 'Rua de Roma', 1958-12-22, 'O', 'Advogado de Informática');
insert into PACIENTE values(15, 916283877, 'Francisca Moreira', 'Rua de Roma', 1993-05-23, 'M', 'Contabilista de Contas');
insert into PACIENTE values(16, 912936211, 'André Peixe', 'Perfeitura de Brasília', 2007-08-15, 'F', 'Professor de Contas');
insert into PACIENTE values(17, 913166540, 'Joana Guedes', 'Rua de Turim', 1992-02-05, 'F', 'Professor de Informática');
insert into PACIENTE values(18, 915488887, 'Paulo Moreira', 'Perfeitura de Marrocos', 1961-10-20, 'O', 'Engenheiro de Programas');
insert into PACIENTE values(19, 910851536, 'Anabela Abdul', 'Rua de Madrid', 1990-03-24, 'F', 'Secretário de Estados');
insert into PACIENTE values(20, 926887491, 'Afonso Silva', 'Perfeitura de Paris', 1974-09-14, 'F', 'Gestor de Informática');
insert into PACIENTE values(21, 910186282, 'Francisca Moreira', 'Bairro de Faro', 1972-01-12, 'O', 'Advogado de Sistemas');
insert into PACIENTE values(22, 922266028, 'Matilde Pinheiro', 'Bairro de Granada', 1983-12-15, 'F', 'Secretário de Civil');
insert into PACIENTE values(23, 924894785, 'Matilde Basílico', 'Entroncamento de Roma', 1970-05-28, 'F', 'Engenheiro de Civil');
insert into PACIENTE values(24, 923996095, 'José Peixe', 'Rua de Nova Iorque', 1991-12-03, 'M', 'Contabilista de Sistemas');
insert into PACIENTE values(25, 925099892, 'Pedro Moreira', 'Perfeitura de Filadélfia', 1996-09-01, 'O', 'Gestor de Informática');
insert into PACIENTE values(26, 913574665, 'Matilde Cavalheiro', 'Bairro de Copenhaga', 2008-12-25, 'M', 'Gestor de Contas');
insert into PACIENTE values(27, 918351162, 'Elisabete Peixe', 'Rua de Faro', 1970-11-15, 'M', 'Secretário de Civil');
insert into PACIENTE values(28, 929445464, 'André Almeida', 'Avenida de Matosinhos', 1982-11-27, 'F', 'Secretário de Informática');
insert into PACIENTE values(29, 914995956, 'Joana Abdul', 'Bairro de Faro', 2003-08-07, 'M', 'Contabilista de Civil');
insert into PACIENTE values(30, 913958760, 'Pedro Abdul', 'Entroncamento de Brasília', 1945-07-26, 'F', 'Gestor de Estados');
insert into PACIENTE values(31, 928292300, 'Guilherme Luís', 'Rua de Madrid', 1990-10-07, 'M', 'Gestor de Informática');
insert into PACIENTE values(32, 922444157, 'Francisco Gigante', 'Rua de Braga', 1999-02-28, 'O', 'Engenheiro de Estados');
insert into PACIENTE values(33, 921291450, 'João Moreira', 'Bairro de Braga', 1964-01-15, 'F', 'Engenheiro de Contas');
insert into PACIENTE values(34, 923938362, 'Paula Luís', 'Perfeitura de Marrocos', 2007-01-16, 'F', 'Doutor de Contas');
insert into PACIENTE values(35, 916310477, 'João Veiga', 'Avenida de Melbourne', 1997-08-28, 'F', 'Doutor de Civil');
insert into PACIENTE values(36, 917190189, 'Francisco Abdul', 'Bairro de Nova Iorque', 2017-01-01, 'O', 'Professor de Informática');
insert into PACIENTE values(37, 925689690, 'Anderson Veiga', 'Entroncamento de Vila Nova', 2013-11-05, 'O', 'Doutor de Civil');
insert into PACIENTE values(38, 919572117, 'Júlia Pinheiro', 'Avenida de Nova Iorque', 1992-07-19, 'F', 'Secretário de Civil');
insert into PACIENTE values(39, 919410056, 'Paula Araújo', 'Rua de Marrocos', 1954-05-13, 'F', 'Advogado de Informática');
insert into PACIENTE values(40, 911034630, 'Júlia Araújo', 'Avenida de Matosinhos', 1997-05-16, 'O', 'Advogado de Programas');
insert into PACIENTE values(41, 923243422, 'Joana Pereira', 'Rua de Brasília', 2015-07-02, 'M', 'Engenheiro de Programas');
insert into PACIENTE values(42, 921215825, 'Juliano Pereira', 'Rua de Brasília', 1952-12-27, 'F', 'Advogado de Contas');
insert into PACIENTE values(43, 919968431, 'João Bianca', 'Rua de Nova Iorque', 1969-12-01, 'F', 'Doutor de Contas');
insert into PACIENTE values(44, 914341414, 'Juliano Cavalheiro', 'Rua de Paris', 2008-12-16, 'O', 'Gestor de Estados');
insert into PACIENTE values(45, 911775370, 'Anderson Moreira', 'Rua de Nova Iorque', 1955-06-10, 'M', 'Gestor de Estados');
insert into PACIENTE values(46, 926052712, 'Elisabete Luís', 'Bairro de Berlim', 1975-04-26, 'M', 'Secretário de Civil');
insert into PACIENTE values(47, 922078120, 'Júlia Luís', 'Rua de Paris', 2015-07-23, 'F', 'Secretário de Civil');
insert into PACIENTE values(48, 919548716, 'Afonso Luís', 'Bairro de Roma', 1956-11-28, 'M', 'Contabilista de Civil');
insert into PACIENTE values(49, 910550058, 'Juliano Pereira', 'Bairro de Roma', 2011-11-02, 'M', 'Gestor de Informática');
insert into PACIENTE values(50, 928238788, 'Anderson Luís', 'Bairro de Brasília', 2004-01-21, 'O', 'Professor de Estados');
insert into PACIENTE values(51, 920662844, 'Francisca Cavalheiro', 'Perfeitura de Paris', 2015-08-23, 'M', 'Advogado de Estados');
insert into PACIENTE values(52, 913519908, 'Angelo Pinheiro', 'Entroncamento de Berlim', 1972-09-04, 'M', 'Gestor de Informática');
insert into PACIENTE values(53, 917966207, 'Matilde Barbosa', 'Entroncamento de Brasília', 1998-11-20, 'M', 'Engenheiro de Estados');
insert into PACIENTE values(54, 926648445, 'Paulo Basílico', 'Bairro de Vila Nova', 2008-02-02, 'F', 'Engenheiro de Programas');
insert into PACIENTE values(55, 925681931, 'Jorge Cavalheiro', 'Entroncamento de Faro', 2006-03-04, 'O', 'Secretário de Contas');
insert into PACIENTE values(56, 911844387, 'André Silva', 'Perfeitura de Paris', 2015-07-20, 'O', 'Gestor de Sistemas');
insert into PACIENTE values(57, 910751710, 'Ricardo Luís', 'Avenida de Faro', 2015-08-07, 'M', 'Advogado de Estados');
insert into PACIENTE values(58, 921237468, 'José Pinheiro', 'Entroncamento de Nova Iorque', 1984-10-25, 'M', 'Advogado de Sistemas');
insert into PACIENTE values(59, 914867392, 'Afonso Pinheiro', 'Bairro de Braga', 2008-02-10, 'O', 'Advogado de Civil');
insert into PACIENTE values(60, 921558858, 'Francisco Gigante', 'Perfeitura de Vila Nova', 1969-09-27, 'M', 'Doutor de Informática');
insert into PACIENTE values(61, 911937966, 'João Cavalheiro', 'Rua de Paris', 1973-07-09, 'O', 'Professor de Informática');
insert into PACIENTE values(62, 928221956, 'Ana Pereira', 'Avenida de Brasília', 1947-11-22, 'O', 'Advogado de Programas');

insert into PESSOAaCONTACTAR values(63, 942722063, 'Francisco Pereira', 'Avenida de Copenhaga', 1977-12-05, 'M');
insert into PESSOAaCONTACTAR values(64, 945945920, 'Anabela Pinheiro', 'Avenida de Filadélfia', 2013-04-07, 'M');
insert into PESSOAaCONTACTAR values(65, 944602457, 'Guilherme Vieira', 'Bairro de Faro', 1959-06-05, 'F');
insert into PESSOAaCONTACTAR values(66, 942875801, 'Francisco Cavalheiro', 'Rua de Melbourne', 1946-04-18, 'F');
insert into PESSOAaCONTACTAR values(67, 948932933, 'Paula Barbosa', 'Entroncamento de Berlim', 1970-05-09, 'F');
insert into PESSOAaCONTACTAR values(68, 941852053, 'Francisca Silva', 'Rua de Vila Nova', 1951-01-27, 'O');
insert into PESSOAaCONTACTAR values(69, 936540978, 'Matilde Guedes', 'Avenida de Nova Iorque', 1972-07-09, 'F');
insert into PESSOAaCONTACTAR values(70, 938113349, 'Francisca Moreira', 'Rua de Nova Iorque', 1966-05-23, 'O');
insert into PESSOAaCONTACTAR values(71, 943888806, 'José Mercedes', 'Bairro de Xangai', 1969-09-17, 'M');
insert into PESSOAaCONTACTAR values(72, 932426875, 'Ricardo Gigante', 'Perfeitura de Vila Nova', 1989-05-12, 'F');
insert into PESSOAaCONTACTAR values(73, 940584094, 'Francisco Guedes', 'Perfeitura de Roma', 1965-12-09, 'M');
insert into PESSOAaCONTACTAR values(74, 932054021, 'Júlia Mercedes', 'Bairro de Londres', 1962-11-15, 'M');
insert into PESSOAaCONTACTAR values(75, 944460425, 'Júlia Cavalheiro', 'Bairro de Braga', 1961-10-26, 'O');
insert into PESSOAaCONTACTAR values(76, 942886143, 'Ricardo Araújo', 'Perfeitura de Matosinhos', 1955-09-12, 'F');
insert into PESSOAaCONTACTAR values(77, 948698512, 'Jorge Pereira', 'Bairro de Paris', 1971-02-24, 'M');
insert into PESSOAaCONTACTAR values(78, 935711610, 'Afonso Araújo', 'Rua de Porto', 1998-02-03, 'F');

insert into COLABORADOR values(79, 969041899, 'Guilherme Veiga', 'Perfeitura de Porto', 2002-04-13, 'M', 'Sub-Chefe', null, null);
insert into COLABORADOR values(80, 965517704, 'Angelo Vieira', 'Rua de Faro', 1979-09-25, 'F', 'Chefe', null, null);
insert into COLABORADOR values(81, 953689755, 'Júlia Pereira', 'Entroncamento de Turim', 2011-03-21, 'O', 'Ajudante', null, null);
insert into COLABORADOR values(82, 967951055, 'Ana Araújo', 'Rua de Vila Nova', 1955-09-28, 'M', 'Interino', null, null);
insert into COLABORADOR values(83, 950350228, 'Francisco Vieira', 'Avenida de Londres', 2013-04-12, 'M', 'Ajudante', null, null);
insert into COLABORADOR values(84, 966249537, 'Guilherme Vieira', 'Rua de Faro', 1995-01-03, 'M', 'Chefe', null, null);
insert into COLABORADOR values(85, 952115286, 'Anabela Moreira', 'Perfeitura de Paris', 1991-10-08, 'F', 'Chefe', null, null);
insert into COLABORADOR values(86, 955187071, 'André Veiga', 'Avenida de Londres', 1956-10-28, 'O', 'Ajudante', null, null);
insert into COLABORADOR values(87, 953711289, 'Angelo Gigante', 'Rua de Nova Iorque', 1994-02-14, 'F', 'Sub-Chefe', null, null);
insert into COLABORADOR values(88, 965698430, 'João Abdul', 'Avenida de Roma', 1982-05-18, 'M', 'Interino', null, null);
insert into COLABORADOR values(89, 956110644, 'Anabela Moreira', 'Perfeitura de Lisboa', 1951-09-04, 'M', 'Sub-Chefe', null, null);
insert into COLABORADOR values(90, 960946035, 'Afonso Moreira', 'Perfeitura de Nova Iorque', 1999-06-20, 'F', 'Interino', null, null);
insert into COLABORADOR values(91, 962622598, 'Paulo Bianca', 'Bairro de Londres', 1970-06-13, 'M', 'Interino', null, null);
insert into COLABORADOR values(92, 968337205, 'Ricardo Almeida', 'Rua de Porto', 2006-12-21, 'F', 'Sub-Chefe', null, null);
insert into COLABORADOR values(93, 959498470, 'Anabela Vieira', 'Bairro de Londres', 2013-09-01, 'O', 'Sub-Chefe', null, null);
insert into COLABORADOR values(94, 956603689, 'Anderson Luís', 'Perfeitura de Granada', 1992-09-09, 'O', 'Sub-Chefe', null, null);
insert into COLABORADOR values(95, 953022879, 'Pedro Basílico', 'Bairro de Filadélfia', 1989-11-12, 'O', 'Ajudante', null, null);
insert into COLABORADOR values(96, 953861038, 'Afonso Araújo', 'Avenida de Braga', 1979-11-06, 'F', 'Ajudante', null, null);
insert into COLABORADOR values(97, 957628061, 'Paulo Veiga', 'Entroncamento de Xangai', 1990-04-23, 'M', 'Chefe', null, null);
insert into COLABORADOR values(98, 955242013, 'Francisca Cavalheiro', 'Bairro de Turim', 1993-07-02, 'F', 'Sub-Chefe', null, null);
insert into COLABORADOR values(99, 965705115, 'Elisabete Guedes', 'Rua de Brasília', 1995-02-06, 'F', 'Sub-Chefe', null, null);
insert into COLABORADOR values(100, 969423356, 'Bernardo Pereira', 'Rua de Vila Nova', 1965-10-15, 'F', 'Sub-Chefe', null, null);
insert into COLABORADOR values(101, 959096070, 'Angelo Barbosa', 'Avenida de Brasília', 1949-07-02, 'F', 'Chefe', null, null);
insert into COLABORADOR values(102, 961637982, 'Jorge Barbosa', 'Rua de Faro', 1950-09-26, 'M', 'Chefe', null, null);
insert into COLABORADOR values(103, 964443109, 'Ana Bianca', 'Avenida de Braga', 1980-05-23, 'F', 'Sub-Chefe', null, null);
insert into COLABORADOR values(104, 965663675, 'Elisabete Peixe', 'Avenida de Granada', 1955-06-21, 'F', 'Ajudante', null, null);
insert into COLABORADOR values(105, 969044458, 'Francisco Vieira', 'Perfeitura de Copenhaga', 2009-09-28, 'M', 'Interino', null, null);
insert into COLABORADOR values(106, 964367580, 'Pedro Silva', 'Entroncamento de Porto', 1987-06-24, 'M', 'Ajudante', null, null);
insert into COLABORADOR values(107, 952464008, 'Bernardo Cavalheiro', 'Rua de Nova Iorque', 1975-11-08, 'F', 'Sub-Chefe', null, null);
insert into COLABORADOR values(108, 956207851, 'Paulo Luís', 'Perfeitura de Filadélfia', 1975-11-06, 'O', 'Chefe', null, null);
insert into COLABORADOR values(109, 964327191, 'Ricardo Basílico', 'Avenida de Roma', 1971-09-17, 'M', 'Interino', null, null);
insert into COLABORADOR values(110, 950072309, 'Ana Luís', 'Avenida de Matosinhos', 1983-02-12, 'M', 'Interino', null, null);
insert into COLABORADOR values(111, 967772330, 'Bernardo Barbosa', 'Bairro de Nova Iorque', 1967-12-01, 'O', 'Ajudante', null, null);
insert into COLABORADOR values(112, 968065017, 'Matilde Araújo', 'Bairro de Copenhaga', 2008-03-13, 'O', 'Ajudante', null, null);
insert into COLABORADOR values(113, 963676439, 'Bernardo Araújo', 'Bairro de Turim', 2013-07-24, 'M', 'Interino', null, null);
insert into COLABORADOR values(114, 965531249, 'Francisca Vieira', 'Avenida de Brasília', 1961-01-25, 'O', 'Chefe', null, null);
insert into COLABORADOR values(115, 955224302, 'Ana Moreira', 'Avenida de Londres', 1998-12-04, 'O', 'Sub-Chefe', null, null);
insert into COLABORADOR values(116, 950692632, 'Júlia Moreira', 'Perfeitura de Granada', 1983-02-16, 'M', 'Sub-Chefe', null, null);
insert into COLABORADOR values(117, 964576140, 'Bernardo Guedes', 'Bairro de Brasília', 1984-07-18, 'F', 'Sub-Chefe', null, null);

insert into COLABORADOR values(118, 950522283, 'Angelo Bianca', 'Bairro de Granada', 1966-12-07, 'O', null, 'Tripas à Moda do Porto', null);
insert into COLABORADOR values(119, 960474497, 'Francisca Cavalheiro', 'Entroncamento de Granada', 1963-10-09, 'F', null, 'Bacalhau com Broa', null);
insert into COLABORADOR values(120, 957749509, 'Francisco Cavalheiro', 'Rua de Roma', 1948-04-23, 'F', null, 'Torresmos', null);
insert into COLABORADOR values(121, 959994910, 'Anabela Moreira', 'Bairro de Melbourne', 1982-11-07, 'F', null, 'Fígado de Cebolada', null);
insert into COLABORADOR values(122, 961367474, 'Jorge Barbosa', 'Perfeitura de Lisboa', 2004-11-06, 'F', null, 'Torresmos', null);
insert into COLABORADOR values(123, 955091023, 'José Gigante', 'Entroncamento de Marrocos', 1985-03-03, 'M', null, 'Camarão da Costa', null);
insert into COLABORADOR values(124, 960011514, 'Júlia Barbosa', 'Perfeitura de Copenhaga', 1975-10-04, 'M', null, 'Fígado de Cebolada', null);
insert into COLABORADOR values(125, 968797535, 'Júlia Abdul', 'Rua de Vila Nova', 1992-11-07, 'F', null, 'Camarão da Costa', null);
insert into COLABORADOR values(126, 950046709, 'Ana Peixe', 'Bairro de Brasília', 2005-07-10, 'O', null, 'Camarão da Costa', null);
insert into COLABORADOR values(127, 966958287, 'Jorge Moreira', 'Avenida de Granada', 2015-08-07, 'M', null, 'Torresmos', null);
insert into COLABORADOR values(128, 956286169, 'Pedro Guedes', 'Bairro de Berlim', 2011-08-03, 'O', null, 'Fígado de Cebolada', null);
insert into COLABORADOR values(129, 969587786, 'Paula Veiga', 'Entroncamento de Granada', 1960-04-26, 'O', null, 'Tripas à Moda do Porto', null);
insert into COLABORADOR values(130, 967727962, 'Ana Peixe', 'Entroncamento de Porto', 1999-12-23, 'M', null, 'Tripas à Moda do Porto', null);
insert into COLABORADOR values(131, 952870490, 'Juliano Basílico', 'Rua de Vila Nova', 1992-07-18, 'F', null, 'Fígado de Cebolada', null);
insert into COLABORADOR values(132, 953560772, 'Francisca Gigante', 'Bairro de Nova Iorque', 1956-01-25, 'F', null, 'Torresmos', null);
insert into COLABORADOR values(133, 968526072, 'Afonso Guedes', 'Perfeitura de Brasília', 2003-10-13, 'O', null, 'Torresmos', null);
insert into COLABORADOR values(134, 955094935, 'Bernardo Vieira', 'Bairro de Vila Nova', 1958-05-04, 'O', null, 'Porco Assado', null);
insert into COLABORADOR values(135, 969345712, 'Matilde Pinheiro', 'Perfeitura de Lisboa', 1992-07-25, 'F', null, 'Porco Assado', null);
insert into COLABORADOR values(136, 950624096, 'Francisca Pinheiro', 'Entroncamento de Nova Iorque', 2009-08-04, 'M', null, 'Camarão da Costa', null);
insert into COLABORADOR values(137, 958381172, 'Francisca Luís', 'Perfeitura de Vila Nova', 2005-02-24, 'F', null, 'Camarão da Costa', null);
insert into COLABORADOR values(138, 966690141, 'Anabela Silva', 'Bairro de Copenhaga', 1983-03-05, 'M', null, 'Fígado de Cebolada', null);
insert into COLABORADOR values(139, 969640633, 'Ana Barbosa', 'Perfeitura de Lisboa', 2015-04-27, 'F', null, 'Bacalhau com Broa', null);
insert into COLABORADOR values(140, 958694328, 'Paula Abdul', 'Bairro de Nova Iorque', 1965-11-20, 'F', null, 'Bacalhau com Broa', null);
insert into COLABORADOR values(141, 961871408, 'Francisco Barbosa', 'Entroncamento de Madrid', 2006-02-25, 'M', null, 'Fígado de Cebolada', null);
insert into COLABORADOR values(142, 960012148, 'Ricardo Moreira', 'Bairro de Melbourne', 1974-09-06, 'O', null, 'Bacalhau com Broa', null);
insert into COLABORADOR values(143, 961638536, 'Bernardo Gigante', 'Entroncamento de Lisboa', 1958-09-23, 'O', null, 'Porco Assado', null);
insert into COLABORADOR values(144, 965596385, 'Júlia Silva', 'Entroncamento de Filadélfia', 1998-04-27, 'O', null, 'Camarão da Costa', null);
insert into COLABORADOR values(145, 969911004, 'Ricardo Pereira', 'Bairro de Turim', 2001-02-02, 'F', null, 'Camarão da Costa', null);
insert into COLABORADOR values(146, 957468908, 'Angelo Guedes', 'Bairro de Nova Iorque', 2015-11-06, 'M', null, 'Torresmos', null);
insert into COLABORADOR values(147, 959130713, 'Joana Araújo', 'Rua de Vila Nova', 1955-10-20, 'F', null, 'Porco Assado', null);
insert into COLABORADOR values(148, 961397131, 'Joana Cavalheiro', 'Bairro de Londres', 1977-08-23, 'F', null, 'Fígado de Cebolada', null);
insert into COLABORADOR values(149, 968431677, 'Angelo Pereira', 'Bairro de Madrid', 1981-09-12, 'O', null, 'Torresmos', null);
insert into COLABORADOR values(150, 968159101, 'Angelo Vieira', 'Rua de Porto', 1948-12-20, 'M', null, 'Torresmos', null);
insert into COLABORADOR values(151, 969320013, 'Bernardo Pinheiro', 'Avenida de Osaka', 2009-09-21, 'O', null, 'Fígado de Cebolada', null);
insert into COLABORADOR values(152, 968950621, 'Matilde Bianca', 'Entroncamento de Turim', 1988-12-07, 'O', null, 'Camarão da Costa', null);
insert into COLABORADOR values(153, 955215620, 'Paula Veiga', 'Perfeitura de Paris', 1973-11-16, 'M', null, 'Tripas à Moda do Porto', null);
insert into COLABORADOR values(154, 954358887, 'Ricardo Araújo', 'Avenida de Granada', 1998-08-05, 'M', null, 'Porco Assado', null);
insert into COLABORADOR values(155, 965623884, 'Joana Cavalheiro', 'Bairro de Brasília', 2017-11-26, 'O', null, 'Bacalhau com Broa', null);
insert into COLABORADOR values(156, 953385915, 'Juliano Pinheiro', 'Avenida de Osaka', 1970-07-23, 'O', null, 'Torresmos', null);

insert into COLABORADOR values(157, 956173663, 'Paula Bianca', 'Bairro de Turim', 1952-12-17, 'F', null, null, 2);
insert into COLABORADOR values(158, 964383647, 'Joana Gigante', 'Perfeitura de Xangai', 1973-04-23, 'F', null, null, 6);
insert into COLABORADOR values(159, 962378674, 'Ana Abdul', 'Avenida de Granada', 1967-05-11, 'O', null, null, 2);
insert into COLABORADOR values(160, 969561221, 'Ana Basílico', 'Avenida de Roma', 2005-04-22, 'O', null, null, 4);
insert into COLABORADOR values(161, 951909882, 'Afonso Basílico', 'Avenida de Granada', 1996-05-26, 'F', null, null, 5);
insert into COLABORADOR values(162, 964874912, 'Joana Araújo', 'Bairro de Turim', 1967-11-12, 'F', null, null, 5);
insert into COLABORADOR values(163, 953361447, 'Bernardo Silva', 'Avenida de Osaka', 1956-01-13, 'F', null, null, 6);
insert into COLABORADOR values(164, 959393963, 'Pedro Mercedes', 'Entroncamento de Nova Iorque', 1953-08-09, 'M', null, null, 2);
insert into COLABORADOR values(165, 956889596, 'Francisca Pereira', 'Avenida de Londres', 1976-03-01, 'O', null, null, 4);
insert into COLABORADOR values(166, 969214688, 'Matilde Guedes', 'Entroncamento de Berlim', 1991-01-22, 'O', null, null, 1);
insert into COLABORADOR values(167, 957810412, 'Anderson Gigante', 'Rua de Porto', 1969-05-26, 'O', null, null, 2);
insert into COLABORADOR values(168, 959193212, 'José Bianca', 'Bairro de Londres', 1984-01-21, 'M', null, null, 6);
insert into COLABORADOR values(169, 953600787, 'Paulo Gigante', 'Entroncamento de Lisboa', 1974-09-24, 'O', null, null, 1);
insert into COLABORADOR values(170, 951425638, 'Pedro Basílico', 'Bairro de Nova Iorque', 1983-12-03, 'O', null, null, 6);
insert into COLABORADOR values(171, 967930847, 'Guilherme Gigante', 'Bairro de Porto', 1963-04-13, 'M', null, null, 1);
insert into COLABORADOR values(172, 951478925, 'Matilde Pinheiro', 'Avenida de Xangai', 1945-03-21, 'F', null, null, 5);
insert into COLABORADOR values(173, 960620079, 'Jorge Guedes', 'Rua de Filadélfia', 2014-04-20, 'O', null, null, 6);
insert into COLABORADOR values(174, 965509572, 'Ricardo Araújo', 'Bairro de Nova Iorque', 1950-06-18, 'M', null, null, 4);
insert into COLABORADOR values(175, 955537627, 'Francisca Veiga', 'Bairro de Brasília', 2015-09-07, 'O', null, null, 2);
insert into COLABORADOR values(176, 967142237, 'Juliano Bianca', 'Rua de Filadélfia', 1958-06-15, 'M', null, null, 5);
insert into COLABORADOR values(177, 961482011, 'Matilde Bianca', 'Entroncamento de Xangai', 2005-02-02, 'O', null, null, 1);
insert into COLABORADOR values(178, 967747874, 'Angelo Abdul', 'Bairro de Xangai', 1979-12-10, 'F', null, null, 6);
insert into COLABORADOR values(179, 965565696, 'Guilherme Almeida', 'Avenida de Turim', 1999-01-01, 'F', null, null, 6);
insert into COLABORADOR values(180, 960670962, 'Pedro Barbosa', 'Avenida de Osaka', 1972-03-05, 'O', null, null, 1);
insert into COLABORADOR values(181, 967882221, 'Francisca Silva', 'Rua de Matosinhos', 1995-06-17, 'O', null, null, 6);
insert into COLABORADOR values(182, 963391999, 'Juliano Barbosa', 'Perfeitura de Brasília', 2012-11-03, 'O', null, null, 1);
insert into COLABORADOR values(183, 960958650, 'Bernardo Abdul', 'Avenida de Turim', 1961-06-22, 'O', null, null, 5);
insert into COLABORADOR values(184, 967622626, 'Joana Gigante', 'Avenida de Osaka', 1985-02-16, 'O', null, null, 3);
insert into COLABORADOR values(185, 950495501, 'Paulo Bianca', 'Avenida de Turim', 2011-04-05, 'O', null, null, 3);
insert into COLABORADOR values(186, 961656448, 'Bernardo Barbosa', 'Bairro de Melbourne', 2011-01-20, 'M', null, null, 4);
insert into COLABORADOR values(187, 955752262, 'Ricardo Cavalheiro', 'Bairro de Nova Iorque', 1957-09-05, 'O', null, null, 2);
insert into COLABORADOR values(188, 956911021, 'Ana Cavalheiro', 'Perfeitura de Porto', 2004-12-18, 'O', null, null, 5);
insert into COLABORADOR values(189, 952321391, 'Paulo Pereira', 'Entroncamento de Matosinhos', 2012-01-05, 'M', null, null, 3);
insert into COLABORADOR values(190, 969877342, 'Elisabete Guedes', 'Entroncamento de Lisboa', 2014-05-06, 'M', null, null, 2);
insert into COLABORADOR values(191, 950535049, 'André Luís', 'Rua de Melbourne', 1987-06-28, 'F', null, null, 6);
insert into COLABORADOR values(192, 955495077, 'Francisco Gigante', 'Perfeitura de Paris', 2015-08-19, 'F', null, null, 2);
insert into COLABORADOR values(193, 956263882, 'Angelo Guedes', 'Perfeitura de Nova Iorque', 1949-11-18, 'O', null, null, 1);
insert into COLABORADOR values(194, 963439134, 'Ana Vieira', 'Entroncamento de Braga', 1980-03-09, 'M', null, null, 1);
insert into COLABORADOR values(195, 968846124, 'Angelo Guedes', 'Rua de Matosinhos', 1946-01-20, 'F', null, null, 5);

insert into GRAUdePARENTESCO values(1, 69);
insert into GRAUdePARENTESCO values(2, 68);
insert into GRAUdePARENTESCO values(3, 73);
insert into GRAUdePARENTESCO values(4, 75);
insert into GRAUdePARENTESCO values(5, 68);
insert into GRAUdePARENTESCO values(6, 75);
insert into GRAUdePARENTESCO values(7, 74);
insert into GRAUdePARENTESCO values(8, 78);
insert into GRAUdePARENTESCO values(9, 73);
insert into GRAUdePARENTESCO values(10, 71);
insert into GRAUdePARENTESCO values(11, 71);
insert into GRAUdePARENTESCO values(12, 70);
insert into GRAUdePARENTESCO values(13, 72);
insert into GRAUdePARENTESCO values(14, 70);
insert into GRAUdePARENTESCO values(15, 66);
insert into GRAUdePARENTESCO values(16, 65);
insert into GRAUdePARENTESCO values(17, 71);
insert into GRAUdePARENTESCO values(18, 68);
insert into GRAUdePARENTESCO values(19, 77);
insert into GRAUdePARENTESCO values(20, 64);
insert into GRAUdePARENTESCO values(21, 67);
insert into GRAUdePARENTESCO values(22, 76);
insert into GRAUdePARENTESCO values(23, 74);
insert into GRAUdePARENTESCO values(24, 78);
insert into GRAUdePARENTESCO values(25, 63);
insert into GRAUdePARENTESCO values(26, 63);
insert into GRAUdePARENTESCO values(27, 67);
insert into GRAUdePARENTESCO values(28, 63);
insert into GRAUdePARENTESCO values(29, 71);
insert into GRAUdePARENTESCO values(30, 78);
insert into GRAUdePARENTESCO values(31, 67);
insert into GRAUdePARENTESCO values(32, 73);
insert into GRAUdePARENTESCO values(33, 70);
insert into GRAUdePARENTESCO values(34, 74);
insert into GRAUdePARENTESCO values(35, 63);
insert into GRAUdePARENTESCO values(36, 68);
insert into GRAUdePARENTESCO values(37, 66);
insert into GRAUdePARENTESCO values(38, 63);
insert into GRAUdePARENTESCO values(39, 63);
insert into GRAUdePARENTESCO values(40, 71);
insert into GRAUdePARENTESCO values(41, 69);
insert into GRAUdePARENTESCO values(42, 69);
insert into GRAUdePARENTESCO values(43, 71);
insert into GRAUdePARENTESCO values(44, 71);
insert into GRAUdePARENTESCO values(45, 76);
insert into GRAUdePARENTESCO values(46, 65);
insert into GRAUdePARENTESCO values(47, 73);
insert into GRAUdePARENTESCO values(48, 71);
insert into GRAUdePARENTESCO values(49, 65);
insert into GRAUdePARENTESCO values(50, 68);
insert into GRAUdePARENTESCO values(51, 64);
insert into GRAUdePARENTESCO values(52, 76);
insert into GRAUdePARENTESCO values(53, 71);
insert into GRAUdePARENTESCO values(54, 73);
insert into GRAUdePARENTESCO values(55, 71);
insert into GRAUdePARENTESCO values(56, 72);
insert into GRAUdePARENTESCO values(57, 69);
insert into GRAUdePARENTESCO values(58, 65);
insert into GRAUdePARENTESCO values(59, 70);
insert into GRAUdePARENTESCO values(60, 71);
insert into GRAUdePARENTESCO values(61, 68);
insert into GRAUdePARENTESCO values(62, 78);

insert into PacienteSegurosPatologia values(1, 5, 2);
insert into PacienteSegurosPatologia values(2, 3, 7);
insert into PacienteSegurosPatologia values(3, 8, 23);
insert into PacienteSegurosPatologia values(4, 10, 24);
insert into PacienteSegurosPatologia values(5, 6, 32);
insert into PacienteSegurosPatologia values(6, 7, 22);
insert into PacienteSegurosPatologia values(7, 8, 38);
insert into PacienteSegurosPatologia values(8, 2, 28);
insert into PacienteSegurosPatologia values(9, 7, 38);
insert into PacienteSegurosPatologia values(10, 4, 20);
insert into PacienteSegurosPatologia values(11, 3, 33);
insert into PacienteSegurosPatologia values(12, 2, 26);
insert into PacienteSegurosPatologia values(13, 7, 10);
insert into PacienteSegurosPatologia values(14, 7, 33);
insert into PacienteSegurosPatologia values(15, 6, 13);
insert into PacienteSegurosPatologia values(16, 4, 8);
insert into PacienteSegurosPatologia values(17, 5, 2);
insert into PacienteSegurosPatologia values(18, 1, 13);
insert into PacienteSegurosPatologia values(19, 1, 23);
insert into PacienteSegurosPatologia values(20, 6, 6);
insert into PacienteSegurosPatologia values(21, 11, 8);
insert into PacienteSegurosPatologia values(22, 7, 25);
insert into PacienteSegurosPatologia values(23, 8, 16);
insert into PacienteSegurosPatologia values(24, 6, 1);
insert into PacienteSegurosPatologia values(25, 11, 33);
insert into PacienteSegurosPatologia values(26, 10, 12);
insert into PacienteSegurosPatologia values(27, 11, 30);
insert into PacienteSegurosPatologia values(28, 5, 36);
insert into PacienteSegurosPatologia values(29, 5, 29);
insert into PacienteSegurosPatologia values(30, 7, 6);
insert into PacienteSegurosPatologia values(31, 6, 20);
insert into PacienteSegurosPatologia values(32, 6, 35);
insert into PacienteSegurosPatologia values(33, 10, 37);
insert into PacienteSegurosPatologia values(34, 9, 6);
insert into PacienteSegurosPatologia values(35, 7, 11);
insert into PacienteSegurosPatologia values(36, 4, 9);
insert into PacienteSegurosPatologia values(37, 3, 10);
insert into PacienteSegurosPatologia values(38, 10, 5);
insert into PacienteSegurosPatologia values(39, 5, 10);
insert into PacienteSegurosPatologia values(40, 1, 3);
insert into PacienteSegurosPatologia values(41, 1, 31);
insert into PacienteSegurosPatologia values(42, 1, 33);
insert into PacienteSegurosPatologia values(43, 9, 8);
insert into PacienteSegurosPatologia values(44, 11, 35);
insert into PacienteSegurosPatologia values(45, 10, 35);
insert into PacienteSegurosPatologia values(46, 10, 16);
insert into PacienteSegurosPatologia values(47, 12, 25);
insert into PacienteSegurosPatologia values(48, 12, 18);
insert into PacienteSegurosPatologia values(49, 7, 28);
insert into PacienteSegurosPatologia values(50, 8, 8);
insert into PacienteSegurosPatologia values(51, 5, 33);
insert into PacienteSegurosPatologia values(52, 8, 38);
insert into PacienteSegurosPatologia values(53, 9, 1);
insert into PacienteSegurosPatologia values(54, 6, 30);
insert into PacienteSegurosPatologia values(55, 10, 7);
insert into PacienteSegurosPatologia values(56, 4, 33);
insert into PacienteSegurosPatologia values(57, 11, 9);
insert into PacienteSegurosPatologia values(58, 4, 3);
insert into PacienteSegurosPatologia values(59, 6, 2);
insert into PacienteSegurosPatologia values(60, 10, 20);
insert into PacienteSegurosPatologia values(61, 9, 24);
insert into PacienteSegurosPatologia values(62, 5, 10);

insert into DATAdeNASCIMENTO values(1945-03-21, 76);
insert into DATAdeNASCIMENTO values(1945-07-26, 76);
insert into DATAdeNASCIMENTO values(1946-01-20, 75);
insert into DATAdeNASCIMENTO values(1946-04-18, 75);
insert into DATAdeNASCIMENTO values(1947-11-22, 74);
insert into DATAdeNASCIMENTO values(1948-04-23, 73);
insert into DATAdeNASCIMENTO values(1948-12-20, 73);
insert into DATAdeNASCIMENTO values(1949-07-02, 72);
insert into DATAdeNASCIMENTO values(1949-11-18, 72);
insert into DATAdeNASCIMENTO values(1950-06-18, 71);
insert into DATAdeNASCIMENTO values(1950-09-26, 71);
insert into DATAdeNASCIMENTO values(1951-01-27, 70);
insert into DATAdeNASCIMENTO values(1951-09-04, 70);
insert into DATAdeNASCIMENTO values(1952-12-17, 69);
insert into DATAdeNASCIMENTO values(1952-12-27, 69);
insert into DATAdeNASCIMENTO values(1953-08-09, 68);
insert into DATAdeNASCIMENTO values(1954-05-13, 67);
insert into DATAdeNASCIMENTO values(1955-06-10, 66);
insert into DATAdeNASCIMENTO values(1955-06-21, 66);
insert into DATAdeNASCIMENTO values(1955-09-12, 66);
insert into DATAdeNASCIMENTO values(1955-09-28, 66);
insert into DATAdeNASCIMENTO values(1955-10-20, 66);
insert into DATAdeNASCIMENTO values(1956-01-13, 65);
insert into DATAdeNASCIMENTO values(1956-01-25, 65);
insert into DATAdeNASCIMENTO values(1956-10-28, 65);
insert into DATAdeNASCIMENTO values(1956-11-28, 65);
insert into DATAdeNASCIMENTO values(1957-09-05, 64);
insert into DATAdeNASCIMENTO values(1958-03-18, 63);
insert into DATAdeNASCIMENTO values(1958-05-04, 63);
insert into DATAdeNASCIMENTO values(1958-06-15, 63);
insert into DATAdeNASCIMENTO values(1958-09-23, 63);
insert into DATAdeNASCIMENTO values(1958-12-22, 63);
insert into DATAdeNASCIMENTO values(1959-06-05, 62);
insert into DATAdeNASCIMENTO values(1960-04-26, 61);
insert into DATAdeNASCIMENTO values(1961-01-25, 60);
insert into DATAdeNASCIMENTO values(1961-06-22, 60);
insert into DATAdeNASCIMENTO values(1961-10-20, 60);
insert into DATAdeNASCIMENTO values(1961-10-26, 60);
insert into DATAdeNASCIMENTO values(1962-11-15, 59);
insert into DATAdeNASCIMENTO values(1963-04-13, 58);
insert into DATAdeNASCIMENTO values(1963-10-09, 58);
insert into DATAdeNASCIMENTO values(1964-01-15, 57);
insert into DATAdeNASCIMENTO values(1965-10-15, 56);
insert into DATAdeNASCIMENTO values(1965-11-20, 56);
insert into DATAdeNASCIMENTO values(1965-12-09, 56);
insert into DATAdeNASCIMENTO values(1966-05-23, 55);
insert into DATAdeNASCIMENTO values(1966-09-04, 55);
insert into DATAdeNASCIMENTO values(1966-12-07, 55);
insert into DATAdeNASCIMENTO values(1967-05-11, 54);
insert into DATAdeNASCIMENTO values(1967-11-12, 54);
insert into DATAdeNASCIMENTO values(1967-12-01, 54);
insert into DATAdeNASCIMENTO values(1968-07-01, 53);
insert into DATAdeNASCIMENTO values(1968-09-12, 53);
insert into DATAdeNASCIMENTO values(1969-05-26, 52);
insert into DATAdeNASCIMENTO values(1969-09-17, 52);
insert into DATAdeNASCIMENTO values(1969-09-27, 52);
insert into DATAdeNASCIMENTO values(1969-12-01, 52);
insert into DATAdeNASCIMENTO values(1970-05-09, 51);
insert into DATAdeNASCIMENTO values(1970-05-28, 51);
insert into DATAdeNASCIMENTO values(1970-06-13, 51);
insert into DATAdeNASCIMENTO values(1970-07-23, 51);
insert into DATAdeNASCIMENTO values(1970-11-15, 51);
insert into DATAdeNASCIMENTO values(1971-02-24, 50);
insert into DATAdeNASCIMENTO values(1971-09-17, 50);
insert into DATAdeNASCIMENTO values(1972-01-12, 49);
insert into DATAdeNASCIMENTO values(1972-03-05, 49);
insert into DATAdeNASCIMENTO values(1972-07-09, 49);
insert into DATAdeNASCIMENTO values(1972-09-04, 49);
insert into DATAdeNASCIMENTO values(1973-04-23, 48);
insert into DATAdeNASCIMENTO values(1973-07-09, 48);
insert into DATAdeNASCIMENTO values(1973-11-16, 48);
insert into DATAdeNASCIMENTO values(1974-09-06, 47);
insert into DATAdeNASCIMENTO values(1974-09-14, 47);
insert into DATAdeNASCIMENTO values(1974-09-24, 47);
insert into DATAdeNASCIMENTO values(1975-04-26, 46);
insert into DATAdeNASCIMENTO values(1975-10-04, 46);
insert into DATAdeNASCIMENTO values(1975-11-06, 46);
insert into DATAdeNASCIMENTO values(1975-11-08, 46);
insert into DATAdeNASCIMENTO values(1976-01-06, 45);
insert into DATAdeNASCIMENTO values(1976-03-01, 45);
insert into DATAdeNASCIMENTO values(1977-08-23, 44);
insert into DATAdeNASCIMENTO values(1977-12-05, 44);
insert into DATAdeNASCIMENTO values(1979-09-25, 42);
insert into DATAdeNASCIMENTO values(1979-11-06, 42);
insert into DATAdeNASCIMENTO values(1979-12-10, 42);
insert into DATAdeNASCIMENTO values(1980-03-09, 41);
insert into DATAdeNASCIMENTO values(1980-05-23, 41);
insert into DATAdeNASCIMENTO values(1981-09-12, 40);
insert into DATAdeNASCIMENTO values(1982-05-18, 39);
insert into DATAdeNASCIMENTO values(1982-11-07, 39);
insert into DATAdeNASCIMENTO values(1982-11-27, 39);
insert into DATAdeNASCIMENTO values(1983-02-12, 38);
insert into DATAdeNASCIMENTO values(1983-02-16, 38);
insert into DATAdeNASCIMENTO values(1983-03-05, 38);
insert into DATAdeNASCIMENTO values(1983-12-03, 38);
insert into DATAdeNASCIMENTO values(1983-12-15, 38);
insert into DATAdeNASCIMENTO values(1984-01-21, 37);
insert into DATAdeNASCIMENTO values(1984-05-26, 37);
insert into DATAdeNASCIMENTO values(1984-07-18, 37);
insert into DATAdeNASCIMENTO values(1984-10-25, 37);
insert into DATAdeNASCIMENTO values(1985-02-16, 36);
insert into DATAdeNASCIMENTO values(1985-03-03, 36);
insert into DATAdeNASCIMENTO values(1985-11-08, 36);
insert into DATAdeNASCIMENTO values(1987-06-24, 34);
insert into DATAdeNASCIMENTO values(1987-06-28, 34);
insert into DATAdeNASCIMENTO values(1987-12-10, 34);
insert into DATAdeNASCIMENTO values(1988-12-07, 33);
insert into DATAdeNASCIMENTO values(1989-05-12, 32);
insert into DATAdeNASCIMENTO values(1989-11-12, 32);
insert into DATAdeNASCIMENTO values(1990-03-24, 31);
insert into DATAdeNASCIMENTO values(1990-04-23, 31);
insert into DATAdeNASCIMENTO values(1990-10-07, 31);
insert into DATAdeNASCIMENTO values(1991-01-22, 30);
insert into DATAdeNASCIMENTO values(1991-10-08, 30);
insert into DATAdeNASCIMENTO values(1991-12-03, 30);
insert into DATAdeNASCIMENTO values(1992-02-05, 29);
insert into DATAdeNASCIMENTO values(1992-07-18, 29);
insert into DATAdeNASCIMENTO values(1992-07-19, 29);
insert into DATAdeNASCIMENTO values(1992-07-25, 29);
insert into DATAdeNASCIMENTO values(1992-09-09, 29);
insert into DATAdeNASCIMENTO values(1992-11-07, 29);
insert into DATAdeNASCIMENTO values(1993-05-23, 28);
insert into DATAdeNASCIMENTO values(1993-07-02, 28);
insert into DATAdeNASCIMENTO values(1994-01-02, 27);
insert into DATAdeNASCIMENTO values(1994-02-14, 27);
insert into DATAdeNASCIMENTO values(1995-01-03, 26);
insert into DATAdeNASCIMENTO values(1995-02-06, 26);
insert into DATAdeNASCIMENTO values(1995-06-17, 26);
insert into DATAdeNASCIMENTO values(1996-05-26, 25);
insert into DATAdeNASCIMENTO values(1996-09-01, 25);
insert into DATAdeNASCIMENTO values(1997-05-16, 24);
insert into DATAdeNASCIMENTO values(1997-08-28, 24);
insert into DATAdeNASCIMENTO values(1998-02-03, 23);
insert into DATAdeNASCIMENTO values(1998-04-27, 23);
insert into DATAdeNASCIMENTO values(1998-08-05, 23);
insert into DATAdeNASCIMENTO values(1998-11-20, 23);
insert into DATAdeNASCIMENTO values(1998-12-04, 23);
insert into DATAdeNASCIMENTO values(1999-01-01, 22);
insert into DATAdeNASCIMENTO values(1999-02-28, 22);
insert into DATAdeNASCIMENTO values(1999-06-20, 22);
insert into DATAdeNASCIMENTO values(1999-12-23, 22);
insert into DATAdeNASCIMENTO values(2000-05-28, 21);
insert into DATAdeNASCIMENTO values(2001-02-02, 20);
insert into DATAdeNASCIMENTO values(2002-04-13, 19);
insert into DATAdeNASCIMENTO values(2003-08-07, 18);
insert into DATAdeNASCIMENTO values(2003-10-13, 18);
insert into DATAdeNASCIMENTO values(2004-01-21, 17);
insert into DATAdeNASCIMENTO values(2004-11-06, 17);
insert into DATAdeNASCIMENTO values(2004-12-18, 17);
insert into DATAdeNASCIMENTO values(2005-02-02, 16);
insert into DATAdeNASCIMENTO values(2005-02-24, 16);
insert into DATAdeNASCIMENTO values(2005-04-22, 16);
insert into DATAdeNASCIMENTO values(2005-07-10, 16);
insert into DATAdeNASCIMENTO values(2006-02-25, 15);
insert into DATAdeNASCIMENTO values(2006-03-04, 15);
insert into DATAdeNASCIMENTO values(2006-12-21, 15);
insert into DATAdeNASCIMENTO values(2007-01-16, 14);
insert into DATAdeNASCIMENTO values(2007-08-15, 14);
insert into DATAdeNASCIMENTO values(2008-02-02, 13);
insert into DATAdeNASCIMENTO values(2008-02-10, 13);
insert into DATAdeNASCIMENTO values(2008-03-13, 13);
insert into DATAdeNASCIMENTO values(2008-12-16, 13);
insert into DATAdeNASCIMENTO values(2008-12-25, 13);
insert into DATAdeNASCIMENTO values(2009-08-04, 12);
insert into DATAdeNASCIMENTO values(2009-09-21, 12);
insert into DATAdeNASCIMENTO values(2009-09-28, 12);
insert into DATAdeNASCIMENTO values(2010-10-12, 11);
insert into DATAdeNASCIMENTO values(2011-01-20, 10);
insert into DATAdeNASCIMENTO values(2011-03-21, 10);
insert into DATAdeNASCIMENTO values(2011-04-05, 10);
insert into DATAdeNASCIMENTO values(2011-08-03, 10);
insert into DATAdeNASCIMENTO values(2011-11-02, 10);
insert into DATAdeNASCIMENTO values(2012-01-05, 9);
insert into DATAdeNASCIMENTO values(2012-11-03, 9);
insert into DATAdeNASCIMENTO values(2013-04-07, 8);
insert into DATAdeNASCIMENTO values(2013-04-12, 8);
insert into DATAdeNASCIMENTO values(2013-07-24, 8);
insert into DATAdeNASCIMENTO values(2013-09-01, 8);
insert into DATAdeNASCIMENTO values(2013-09-25, 8);
insert into DATAdeNASCIMENTO values(2013-11-05, 8);
insert into DATAdeNASCIMENTO values(2014-04-20, 7);
insert into DATAdeNASCIMENTO values(2014-05-06, 7);
insert into DATAdeNASCIMENTO values(2015-04-27, 6);
insert into DATAdeNASCIMENTO values(2015-07-02, 6);
insert into DATAdeNASCIMENTO values(2015-07-20, 6);
insert into DATAdeNASCIMENTO values(2015-07-23, 6);
insert into DATAdeNASCIMENTO values(2015-08-07, 6);
insert into DATAdeNASCIMENTO values(2015-08-19, 6);
insert into DATAdeNASCIMENTO values(2015-08-23, 6);
insert into DATAdeNASCIMENTO values(2015-09-07, 6);
insert into DATAdeNASCIMENTO values(2015-11-06, 6);
insert into DATAdeNASCIMENTO values(2017-01-01, 4);
insert into DATAdeNASCIMENTO values(2017-10-27, 4);
insert into DATAdeNASCIMENTO values(2017-11-26, 4);

insert into TRATA values(1, 166, null);
insert into TRATA values(1, 169, null);
insert into TRATA values(1, 171, null);
insert into TRATA values(1, 177, null);
insert into TRATA values(1, 180, null);
insert into TRATA values(1, 182, null);
insert into TRATA values(1, 193, null);
insert into TRATA values(1, 194, null);
insert into TRATA values(2, 166, null);
insert into TRATA values(2, 169, null);
insert into TRATA values(2, 171, null);
insert into TRATA values(2, 177, null);
insert into TRATA values(2, 180, null);
insert into TRATA values(2, 182, null);
insert into TRATA values(2, 193, null);
insert into TRATA values(2, 194, null);
insert into TRATA values(3, 157, null);
insert into TRATA values(3, 159, null);
insert into TRATA values(3, 164, null);
insert into TRATA values(3, 167, null);
insert into TRATA values(3, 175, null);
insert into TRATA values(3, 187, null);
insert into TRATA values(3, 190, null);
insert into TRATA values(3, 192, null);
insert into TRATA values(4, 157, null);
insert into TRATA values(4, 159, null);
insert into TRATA values(4, 164, null);
insert into TRATA values(4, 167, null);
insert into TRATA values(4, 175, null);
insert into TRATA values(4, 187, null);
insert into TRATA values(4, 190, null);
insert into TRATA values(4, 192, null);
insert into TRATA values(5, 184, null);
insert into TRATA values(5, 185, null);
insert into TRATA values(5, 189, null);
insert into TRATA values(6, 184, null);
insert into TRATA values(6, 185, null);
insert into TRATA values(6, 189, null);

