PRAGMA foreign_keys = on;

insert into ESPECIALIDADE values(1, 'Urologia');
insert into ESPECIALIDADE values(2, 'Estomatologia');
insert into ESPECIALIDADE values(3, 'Pediatria');
insert into ESPECIALIDADE values(4, 'Medicina Geral');
insert into ESPECIALIDADE values(5, 'Fisioterapia');
insert into ESPECIALIDADE values(6, 'Osteopatia');

insert into PATOLOGIA values(1, 'Pedra nos Rins');
insert into PATOLOGIA values(2, 'Ortodontia');
insert into PATOLOGIA values(3, 'Branqueamento');
insert into PATOLOGIA values(4, 'Gripe');
insert into PATOLOGIA values(5, 'Febre');
insert into PATOLOGIA values(6, 'Tosse');
insert into PATOLOGIA values(7, 'Covid-19');
insert into PATOLOGIA values(8, 'Anca');
insert into PATOLOGIA values(9, 'Joelho');
insert into PATOLOGIA values(10, 'Femur');
insert into PATOLOGIA values(11, 'Costela');
insert into PATOLOGIA values(12, 'Infeção Urinária');

insert into SEGUROSdeSAUDE values(1, 'Servicos Sociais', 2027-08-04);
insert into SEGUROSdeSAUDE values(2, 'Liberty', 2027-08-16);
insert into SEGUROSdeSAUDE values(3, 'Servicos Sociais', 2022-09-27);
insert into SEGUROSdeSAUDE values(4, 'AXA', 2023-04-08);
insert into SEGUROSdeSAUDE values(5, 'Multicare', 2028-03-05);
insert into SEGUROSdeSAUDE values(6, 'AXA', 2023-10-15);
insert into SEGUROSdeSAUDE values(7, 'Servicos Sociais', 2024-05-16);
insert into SEGUROSdeSAUDE values(8, 'Servicos Sociais', 2025-08-02);
insert into SEGUROSdeSAUDE values(9, 'AXA', 2029-02-06);
insert into SEGUROSdeSAUDE values(10, 'Liberty', 2026-10-26);
insert into SEGUROSdeSAUDE values(11, 'AXA', 2022-04-11);
insert into SEGUROSdeSAUDE values(12, 'Servicos Sociais', 2028-05-14);
insert into SEGUROSdeSAUDE values(13, 'Multicare', 2025-04-09);
insert into SEGUROSdeSAUDE values(14, 'Liberty', 2023-04-24);
insert into SEGUROSdeSAUDE values(15, 'Multicare', 2022-07-06);
insert into SEGUROSdeSAUDE values(16, 'Liberty', 2025-03-08);
insert into SEGUROSdeSAUDE values(17, 'Servicos Sociais', 2026-11-03);
insert into SEGUROSdeSAUDE values(18, 'Servicos Sociais', 2026-11-02);
insert into SEGUROSdeSAUDE values(19, 'Multicare', 2027-06-16);
insert into SEGUROSdeSAUDE values(20, 'AXA', 2024-05-20);
insert into SEGUROSdeSAUDE values(21, 'Servicos Sociais', 2029-08-15);
insert into SEGUROSdeSAUDE values(22, 'Servicos Sociais', 2027-03-03);
insert into SEGUROSdeSAUDE values(23, 'Multicare', 2022-04-08);
insert into SEGUROSdeSAUDE values(24, 'Multicare', 2029-07-26);
insert into SEGUROSdeSAUDE values(25, 'Servicos Sociais', 2026-09-14);
insert into SEGUROSdeSAUDE values(26, 'AXA', 2028-11-20);
insert into SEGUROSdeSAUDE values(27, 'AXA', 2023-12-16);
insert into SEGUROSdeSAUDE values(28, 'Liberty', 2028-07-10);
insert into SEGUROSdeSAUDE values(29, 'Servicos Sociais', 2025-07-02);
insert into SEGUROSdeSAUDE values(30, 'AXA', 2023-05-28);
insert into SEGUROSdeSAUDE values(31, 'Multicare', 2027-05-22);
insert into SEGUROSdeSAUDE values(32, 'Liberty', 2022-04-06);
insert into SEGUROSdeSAUDE values(33, 'Servicos Sociais', 2027-07-01);
insert into SEGUROSdeSAUDE values(34, 'Liberty', 2025-09-27);
insert into SEGUROSdeSAUDE values(35, 'Servicos Sociais', 2028-08-01);
insert into SEGUROSdeSAUDE values(36, 'Liberty', 2027-05-18);
insert into SEGUROSdeSAUDE values(37, 'Multicare', 2025-01-10);
insert into SEGUROSdeSAUDE values(38, 'Multicare', 2026-07-23);
insert into SEGUROSdeSAUDE values(39, 'Servicos Sociais', 2023-01-26);

insert into PACIENTE values(1, 927275364, 'Bernardo Guedes', 'Avenida de Filadélfia', 1955-04-15, 'O', 'Doutor de Informática');
insert into PACIENTE values(2, 912110785, 'Matilde Abdul', 'Perfeitura de Nova Iorque', 1953-06-04, 'F', 'Doutor de Estados');
insert into PACIENTE values(3, 913080948, 'Angelo Pinheiro', 'Bairro de Madrid', 1963-07-03, 'M', 'Secretário de Sistemas');
insert into PACIENTE values(4, 928528701, 'Jorge Veiga', 'Entroncamento de Lisboa', 1999-02-03, 'F', 'Gestor de Civil');
insert into PACIENTE values(5, 921480797, 'Júlia Vieira', 'Perfeitura de Roma', 1994-01-19, 'O', 'Professor de Contas');
insert into PACIENTE values(6, 921762834, 'Paulo Almeida', 'Rua de Londres', 1960-11-23, 'F', 'Gestor de Contas');
insert into PACIENTE values(7, 918967814, 'André Pereira', 'Entroncamento de Berlim', 2013-07-20, 'F', 'Gestor de Contas');
insert into PACIENTE values(8, 916741200, 'Juliano Moreira', 'Bairro de Londres', 2017-11-06, 'F', 'Gestor de Civil');
insert into PACIENTE values(9, 922069478, 'Juliano Pereira', 'Bairro de Brasília', 1947-05-06, 'F', 'Gestor de Civil');
insert into PACIENTE values(10, 920486028, 'Júlia Gigante', 'Entroncamento de Melbourne', 2015-02-01, 'M', 'Secretário de Contas');
insert into PACIENTE values(11, 926948402, 'Júlia Cavalheiro', 'Bairro de Lisboa', 1947-03-03, 'M', 'Advogado de Estados');
insert into PACIENTE values(12, 926693236, 'Matilde Almeida', 'Bairro de Osaka', 1952-12-24, 'F', 'Secretário de Sistemas');
insert into PACIENTE values(13, 920176737, 'Elisabete Basílico', 'Entroncamento de Melbourne', 1950-06-10, 'M', 'Secretário de Programas');
insert into PACIENTE values(14, 920716719, 'Anderson Silva', 'Rua de Faro', 2012-01-24, 'M', 'Professor de Sistemas');
insert into PACIENTE values(15, 928814641, 'Anderson Pinheiro', 'Perfeitura de Roma', 1966-07-14, 'F', 'Contabilista de Estados');
insert into PACIENTE values(16, 921839924, 'Anderson Vieira', 'Perfeitura de Madrid', 1975-11-04, 'O', 'Gestor de Sistemas');
insert into PACIENTE values(17, 924154839, 'Ana Cavalheiro', 'Perfeitura de Melbourne', 2005-08-28, 'F', 'Contabilista de Civil');
insert into PACIENTE values(18, 920182065, 'Ana Pereira', 'Avenida de Xangai', 1980-11-01, 'O', 'Doutor de Contas');
insert into PACIENTE values(19, 919914472, 'Angelo Moreira', 'Entroncamento de Porto', 1995-07-06, 'F', 'Gestor de Sistemas');
insert into PACIENTE values(20, 913231074, 'Francisco Vieira', 'Bairro de Filadélfia', 1954-03-12, 'M', 'Secretário de Contas');
insert into PACIENTE values(21, 927182638, 'Anabela Gigante', 'Avenida de Granada', 2009-04-06, 'M', 'Professor de Contas');
insert into PACIENTE values(22, 920950166, 'Elisabete Guedes', 'Entroncamento de Roma', 1961-10-26, 'M', 'Engenheiro de Estados');
insert into PACIENTE values(23, 914847595, 'Paula Vieira', 'Bairro de Marrocos', 1949-02-07, 'F', 'Professor de Contas');
insert into PACIENTE values(24, 924811521, 'Paulo Guedes', 'Entroncamento de Londres', 1978-08-07, 'O', 'Professor de Informática');
insert into PACIENTE values(25, 924646998, 'Afonso Luís', 'Avenida de Xangai', 2017-06-18, 'M', 'Engenheiro de Sistemas');
insert into PACIENTE values(26, 926243570, 'Anabela Luís', 'Perfeitura de Roma', 1969-12-25, 'O', 'Contabilista de Contas');
insert into PACIENTE values(27, 929925658, 'Anderson Vieira', 'Avenida de Filadélfia', 1950-08-03, 'F', 'Advogado de Contas');
insert into PACIENTE values(28, 913473580, 'Anderson Barbosa', 'Entroncamento de Melbourne', 1977-03-23, 'O', 'Contabilista de Contas');
insert into PACIENTE values(29, 910962754, 'Paula Cavalheiro', 'Entroncamento de Londres', 1975-10-09, 'F', 'Doutor de Estados');
insert into PACIENTE values(30, 912142846, 'Anabela Pereira', 'Perfeitura de Matosinhos', 1994-07-11, 'O', 'Professor de Civil');
insert into PACIENTE values(31, 911108351, 'Elisabete Bianca', 'Entroncamento de Melbourne', 1966-05-20, 'F', 'Contabilista de Contas');
insert into PACIENTE values(32, 921636348, 'Bernardo Silva', 'Avenida de Braga', 1962-05-05, 'M', 'Professor de Contas');
insert into PACIENTE values(33, 921593884, 'José Araújo', 'Entroncamento de Porto', 1980-12-09, 'M', 'Secretário de Programas');
insert into PACIENTE values(34, 928308916, 'André Abdul', 'Perfeitura de Paris', 1967-11-03, 'M', 'Advogado de Civil');
insert into PACIENTE values(35, 921284611, 'Paulo Peixe', 'Bairro de Madrid', 2013-08-08, 'F', 'Contabilista de Contas');
insert into PACIENTE values(36, 911788823, 'Francisco Luís', 'Bairro de Filadélfia', 2006-01-26, 'F', 'Gestor de Contas');
insert into PACIENTE values(37, 924592349, 'Júlia Gigante', 'Entroncamento de Faro', 1960-12-27, 'M', 'Advogado de Civil');
insert into PACIENTE values(38, 925864357, 'Júlia Vieira', 'Perfeitura de Melbourne', 1963-01-23, 'F', 'Gestor de Programas');
insert into PACIENTE values(39, 929637383, 'Francisco Peixe', 'Bairro de Braga', 2014-08-25, 'F', 'Contabilista de Contas');
insert into PACIENTE values(40, 918499319, 'João Bianca', 'Rua de Madrid', 1946-10-10, 'M', 'Doutor de Informática');
insert into PACIENTE values(41, 921886517, 'Anderson Guedes', 'Bairro de Nova Iorque', 1971-11-26, 'F', 'Doutor de Contas');
insert into PACIENTE values(42, 923372894, 'Elisabete Silva', 'Bairro de Roma', 1971-02-25, 'M', 'Advogado de Civil');
insert into PACIENTE values(43, 929185163, 'Guilherme Guedes', 'Perfeitura de Nova Iorque', 1995-10-11, 'F', 'Engenheiro de Contas');
insert into PACIENTE values(44, 914259494, 'Ricardo Mercedes', 'Bairro de Braga', 1968-10-24, 'O', 'Professor de Contas');
insert into PACIENTE values(45, 927726287, 'Afonso Gigante', 'Bairro de Filadélfia', 1968-12-03, 'O', 'Secretário de Contas');
insert into PACIENTE values(46, 914803243, 'Pedro Almeida', 'Bairro de Brasília', 1994-12-23, 'F', 'Secretário de Informática');
insert into PACIENTE values(47, 911617113, 'Angelo Guedes', 'Perfeitura de Madrid', 1975-06-18, 'F', 'Contabilista de Civil');
insert into PACIENTE values(48, 911857571, 'Paulo Vieira', 'Entroncamento de Porto', 1989-11-27, 'O', 'Engenheiro de Informática');
insert into PACIENTE values(49, 926393354, 'Afonso Luís', 'Bairro de Granada', 2007-08-18, 'F', 'Gestor de Civil');
insert into PACIENTE values(50, 910806202, 'Angelo Barbosa', 'Bairro de Granada', 1960-12-04, 'F', 'Professor de Estados');
insert into PACIENTE values(51, 916501559, 'Ricardo Guedes', 'Avenida de Matosinhos', 1963-04-17, 'O', 'Contabilista de Civil');
insert into PACIENTE values(52, 920056131, 'Juliano Cavalheiro', 'Bairro de Londres', 1992-05-27, 'F', 'Contabilista de Programas');
insert into PACIENTE values(53, 924932885, 'Elisabete Silva', 'Perfeitura de Turim', 1960-04-25, 'M', 'Doutor de Sistemas');
insert into PACIENTE values(54, 920947765, 'João Luís', 'Avenida de Faro', 1983-10-28, 'M', 'Professor de Sistemas');
insert into PACIENTE values(55, 912705623, 'Bernardo Pinheiro', 'Entroncamento de Vila Nova', 1977-11-18, 'M', 'Secretário de Civil');
insert into PACIENTE values(56, 927360678, 'Angelo Peixe', 'Perfeitura de Matosinhos', 1993-12-28, 'M', 'Doutor de Estados');
insert into PACIENTE values(57, 921288446, 'Elisabete Silva', 'Bairro de Copenhaga', 1992-07-07, 'F', 'Gestor de Programas');
insert into PACIENTE values(58, 919395386, 'Anderson Gigante', 'Avenida de Nova Iorque', 1980-03-04, 'O', 'Contabilista de Sistemas');
insert into PACIENTE values(59, 913607255, 'Anderson Luís', 'Perfeitura de Porto', 1985-02-28, 'O', 'Professor de Sistemas');
insert into PACIENTE values(60, 916114911, 'Guilherme Guedes', 'Entroncamento de Londres', 1969-02-28, 'O', 'Gestor de Estados');
insert into PACIENTE values(61, 918669057, 'Guilherme Guedes', 'Rua de Madrid', 1966-02-26, 'M', 'Doutor de Contas');
insert into PACIENTE values(62, 925607928, 'André Cavalheiro', 'Bairro de Madrid', 1985-04-10, 'M', 'Secretário de Estados');

insert into PESSOAaCONTACTAR values(63, 935904413, 'André Bianca', 'Entroncamento de Porto', 1970-12-03, 'F');
insert into PESSOAaCONTACTAR values(64, 939111893, 'Afonso Cavalheiro', 'Entroncamento de Nova Iorque', 1956-10-15, 'M');
insert into PESSOAaCONTACTAR values(65, 935555441, 'Jorge Basílico', 'Perfeitura de Vila Nova', 1963-02-02, 'O');
insert into PESSOAaCONTACTAR values(66, 946577086, 'Francisca Luís', 'Avenida de Paris', 1955-02-05, 'F');
insert into PESSOAaCONTACTAR values(67, 935158191, 'Juliano Almeida', 'Rua de Xangai', 1996-09-23, 'M');
insert into PESSOAaCONTACTAR values(68, 945367468, 'Afonso Cavalheiro', 'Rua de Xangai', 1955-04-17, 'F');
insert into PESSOAaCONTACTAR values(69, 949775811, 'Angelo Barbosa', 'Avenida de Paris', 1955-03-11, 'O');
insert into PESSOAaCONTACTAR values(70, 938297256, 'André Pereira', 'Entroncamento de Matosinhos', 1995-07-19, 'O');
insert into PESSOAaCONTACTAR values(71, 930595111, 'João Abdul', 'Bairro de Porto', 2009-11-15, 'F');
insert into PESSOAaCONTACTAR values(72, 936857300, 'Joana Barbosa', 'Bairro de Matosinhos', 1945-10-19, 'M');
insert into PESSOAaCONTACTAR values(73, 935303379, 'Francisco Moreira', 'Entroncamento de Porto', 1960-08-20, 'F');
insert into PESSOAaCONTACTAR values(74, 945243472, 'Ana Almeida', 'Avenida de Melbourne', 1949-08-07, 'F');
insert into PESSOAaCONTACTAR values(75, 931614930, 'André Abdul', 'Perfeitura de Granada', 1993-04-21, 'O');
insert into PESSOAaCONTACTAR values(76, 945724580, 'Afonso Pereira', 'Bairro de Matosinhos', 2002-09-08, 'O');
insert into PESSOAaCONTACTAR values(77, 931481323, 'Ricardo Bianca', 'Rua de Berlim', 2002-03-09, 'M');
insert into PESSOAaCONTACTAR values(78, 936510875, 'Paulo Almeida', 'Entroncamento de Melbourne', 1960-03-11, 'F');

insert into COLABORADOR values(79, 964208485, 'André Peixe', 'Bairro de Brasília', 1997-12-17, 'F', 'Chefe', null, null);
insert into COLABORADOR values(80, 957703206, 'Joana Vieira', 'Bairro de Berlim', 1964-01-03, 'F', 'Sub-Chefe', null, null);
insert into COLABORADOR values(81, 960189646, 'Bernardo Araújo', 'Bairro de Filadélfia', 2007-02-10, 'F', 'Interino', null, null);
insert into COLABORADOR values(82, 962230881, 'Anabela Peixe', 'Bairro de Osaka', 1962-03-17, 'M', 'Sub-Chefe', null, null);
insert into COLABORADOR values(83, 966623166, 'Guilherme Almeida', 'Rua de Vila Nova', 1948-06-06, 'M', 'Interino', null, null);
insert into COLABORADOR values(84, 950939959, 'Angelo Pereira', 'Perfeitura de Lisboa', 1975-05-25, 'O', 'Chefe', null, null);
insert into COLABORADOR values(85, 967104108, 'Anabela Mercedes', 'Entroncamento de Porto', 1957-03-17, 'O', 'Sub-Chefe', null, null);
insert into COLABORADOR values(86, 959238280, 'Angelo Moreira', 'Entroncamento de Melbourne', 2008-07-20, 'M', 'Sub-Chefe', null, null);
insert into COLABORADOR values(87, 964783177, 'Anabela Veiga', 'Avenida de Lisboa', 1963-02-12, 'M', 'Sub-Chefe', null, null);
insert into COLABORADOR values(88, 967982997, 'Guilherme Moreira', 'Bairro de Madrid', 1974-08-21, 'M', 'Ajudante', null, null);
insert into COLABORADOR values(89, 954050988, 'José Barbosa', 'Perfeitura de Granada', 1980-01-22, 'M', 'Interino', null, null);
insert into COLABORADOR values(90, 952768914, 'Bernardo Abdul', 'Entroncamento de Paris', 1990-09-14, 'F', 'Ajudante', null, null);
insert into COLABORADOR values(91, 963245244, 'Bernardo Pereira', 'Entroncamento de Nova Iorque', 1968-02-06, 'M', 'Chefe', null, null);
insert into COLABORADOR values(92, 950753390, 'Afonso Cavalheiro', 'Bairro de Marrocos', 2005-06-05, 'F', 'Ajudante', null, null);
insert into COLABORADOR values(93, 956749210, 'Pedro Veiga', 'Rua de Lisboa', 1984-12-11, 'F', 'Ajudante', null, null);
insert into COLABORADOR values(94, 960756829, 'Jorge Vieira', 'Perfeitura de Xangai', 1946-08-23, 'M', 'Chefe', null, null);
insert into COLABORADOR values(95, 951736667, 'José Silva', 'Entroncamento de Brasília', 1968-04-27, 'O', 'Interino', null, null);
insert into COLABORADOR values(96, 958966560, 'Paulo Pinheiro', 'Avenida de Lisboa', 1970-03-11, 'F', 'Chefe', null, null);
insert into COLABORADOR values(97, 953785656, 'Bernardo Vieira', 'Entroncamento de Berlim', 1990-03-10, 'O', 'Ajudante', null, null);
insert into COLABORADOR values(98, 953927827, 'Joana Abdul', 'Entroncamento de Marrocos', 1950-10-05, 'O', 'Interino', null, null);
insert into COLABORADOR values(99, 953954140, 'Pedro Guedes', 'Entroncamento de Brasília', 1976-07-07, 'O', 'Interino', null, null);
insert into COLABORADOR values(100, 953884155, 'Joana Silva', 'Entroncamento de Turim', 1953-08-20, 'O', 'Ajudante', null, null);
insert into COLABORADOR values(101, 961612880, 'Matilde Mercedes', 'Perfeitura de Braga', 1949-07-06, 'O', 'Sub-Chefe', null, null);
insert into COLABORADOR values(102, 958822259, 'Bernardo Moreira', 'Entroncamento de Nova Iorque', 1983-06-02, 'M', 'Interino', null, null);
insert into COLABORADOR values(103, 962337271, 'Jorge Araújo', 'Perfeitura de Faro', 1955-10-06, 'O', 'Sub-Chefe', null, null);
insert into COLABORADOR values(104, 968389784, 'Ricardo Luís', 'Bairro de Londres', 1953-06-11, 'F', 'Sub-Chefe', null, null);
insert into COLABORADOR values(105, 962977685, 'Anabela Mercedes', 'Entroncamento de Copenhaga', 1989-09-05, 'O', 'Sub-Chefe', null, null);
insert into COLABORADOR values(106, 963608137, 'André Veiga', 'Entroncamento de Porto', 2007-08-11, 'F', 'Sub-Chefe', null, null);
insert into COLABORADOR values(107, 958690135, 'Joana Abdul', 'Rua de Xangai', 1945-07-18, 'O', 'Interino', null, null);
insert into COLABORADOR values(108, 950191072, 'Paula Vieira', 'Entroncamento de Lisboa', 2004-11-17, 'F', 'Ajudante', null, null);
insert into COLABORADOR values(109, 968114457, 'Jorge Moreira', 'Bairro de Lisboa', 1961-10-08, 'M', 'Sub-Chefe', null, null);
insert into COLABORADOR values(110, 960018351, 'Jorge Basílico', 'Avenida de Londres', 1956-04-10, 'O', 'Sub-Chefe', null, null);
insert into COLABORADOR values(111, 967434299, 'Paulo Pereira', 'Avenida de Braga', 1956-10-06, 'M', 'Interino', null, null);
insert into COLABORADOR values(112, 967503951, 'Paulo Barbosa', 'Entroncamento de Braga', 2007-04-12, 'O', 'Interino', null, null);
insert into COLABORADOR values(113, 962143556, 'André Silva', 'Avenida de Lisboa', 1985-03-17, 'O', 'Ajudante', null, null);
insert into COLABORADOR values(114, 963138029, 'Elisabete Pinheiro', 'Rua de Vila Nova', 1997-09-08, 'O', 'Ajudante', null, null);
insert into COLABORADOR values(115, 967718613, 'André Peixe', 'Entroncamento de Londres', 1961-07-07, 'O', 'Chefe', null, null);
insert into COLABORADOR values(116, 953025618, 'Pedro Guedes', 'Perfeitura de Xangai', 1996-07-06, 'O', 'Sub-Chefe', null, null);
insert into COLABORADOR values(117, 955953222, 'Afonso Araújo', 'Entroncamento de Berlim', 2001-04-07, 'M', 'Sub-Chefe', null, null);

insert into COLABORADOR values(118, 959723700, 'Anabela Moreira', 'Perfeitura de Marrocos', 1973-05-15, 'O', null, 'Torresmos', null);
insert into COLABORADOR values(119, 953800976, 'Elisabete Moreira', 'Bairro de Vila Nova', 1949-02-16, 'M', null, 'Torresmos', null);
insert into COLABORADOR values(120, 968905355, 'Paula Veiga', 'Rua de Madrid', 2007-03-11, 'O', null, 'Tripas à Moda do Porto', null);
insert into COLABORADOR values(121, 963950745, 'Anderson Luís', 'Perfeitura de Braga', 1986-03-27, 'O', null, 'Porco Assado', null);
insert into COLABORADOR values(122, 964088167, 'Francisco Pinheiro', 'Rua de Brasília', 1954-06-15, 'M', null, 'Porco Assado', null);
insert into COLABORADOR values(123, 967292476, 'Angelo Pinheiro', 'Entroncamento de Granada', 1983-06-17, 'O', null, 'Porco Assado', null);
insert into COLABORADOR values(124, 961126566, 'Elisabete Pereira', 'Bairro de Marrocos', 1977-02-02, 'M', null, 'Bacalhau com Broa', null);
insert into COLABORADOR values(125, 962672177, 'José Vieira', 'Rua de Roma', 1983-04-14, 'O', null, 'Camarão da Costa', null);
insert into COLABORADOR values(126, 955944932, 'Ricardo Pinheiro', 'Avenida de Braga', 1968-04-22, 'F', null, 'Porco Assado', null);
insert into COLABORADOR values(127, 959045004, 'Ana Almeida', 'Bairro de Faro', 1972-11-28, 'O', null, 'Fígado de Cebolada', null);
insert into COLABORADOR values(128, 967316778, 'João Cavalheiro', 'Perfeitura de Paris', 1952-02-18, 'F', null, 'Fígado de Cebolada', null);
insert into COLABORADOR values(129, 969116031, 'Juliano Pinheiro', 'Avenida de Braga', 1946-11-26, 'F', null, 'Porco Assado', null);
insert into COLABORADOR values(130, 959784691, 'Pedro Araújo', 'Entroncamento de Lisboa', 1976-10-03, 'F', null, 'Tripas à Moda do Porto', null);
insert into COLABORADOR values(131, 951792922, 'Pedro Veiga', 'Rua de Osaka', 2016-12-27, 'M', null, 'Fígado de Cebolada', null);
insert into COLABORADOR values(132, 958510193, 'José Guedes', 'Avenida de Braga', 1989-01-15, 'F', null, 'Fígado de Cebolada', null);
insert into COLABORADOR values(133, 966966638, 'Júlia Peixe', 'Perfeitura de Matosinhos', 1981-03-28, 'M', null, 'Fígado de Cebolada', null);
insert into COLABORADOR values(134, 956704656, 'Paulo Guedes', 'Rua de Porto', 1949-01-03, 'F', null, 'Torresmos', null);
insert into COLABORADOR values(135, 957849106, 'Paula Cavalheiro', 'Perfeitura de Berlim', 1992-08-28, 'O', null, 'Bacalhau com Broa', null);
insert into COLABORADOR values(136, 966555098, 'Jorge Moreira', 'Entroncamento de Granada', 1988-08-13, 'O', null, 'Bacalhau com Broa', null);
insert into COLABORADOR values(137, 962328026, 'José Pereira', 'Perfeitura de Faro', 1970-08-01, 'M', null, 'Fígado de Cebolada', null);
insert into COLABORADOR values(138, 963946643, 'Francisco Abdul', 'Entroncamento de Copenhaga', 1960-10-19, 'O', null, 'Porco Assado', null);
insert into COLABORADOR values(139, 968945643, 'Júlia Silva', 'Rua de Lisboa', 1957-07-07, 'F', null, 'Camarão da Costa', null);
insert into COLABORADOR values(140, 950426605, 'Paulo Vieira', 'Perfeitura de Xangai', 1992-01-12, 'O', null, 'Tripas à Moda do Porto', null);
insert into COLABORADOR values(141, 951478270, 'Francisca Basílico', 'Rua de Roma', 2011-08-24, 'O', null, 'Bacalhau com Broa', null);
insert into COLABORADOR values(142, 965159912, 'Francisca Pinheiro', 'Rua de Porto', 1968-01-03, 'F', null, 'Camarão da Costa', null);
insert into COLABORADOR values(143, 964742536, 'Ana Basílico', 'Perfeitura de Lisboa', 1968-01-03, 'M', null, 'Tripas à Moda do Porto', null);
insert into COLABORADOR values(144, 960681439, 'Angelo Peixe', 'Entroncamento de Xangai', 1981-05-26, 'O', null, 'Bacalhau com Broa', null);
insert into COLABORADOR values(145, 960222702, 'Anderson Guedes', 'Perfeitura de Faro', 1987-05-11, 'O', null, 'Porco Assado', null);
insert into COLABORADOR values(146, 965138050, 'Guilherme Guedes', 'Entroncamento de Berlim', 1981-04-25, 'O', null, 'Bacalhau com Broa', null);
insert into COLABORADOR values(147, 953598493, 'Ricardo Bianca', 'Rua de Nova Iorque', 1985-10-13, 'M', null, 'Torresmos', null);
insert into COLABORADOR values(148, 958815929, 'Paula Cavalheiro', 'Bairro de Porto', 2010-02-27, 'O', null, 'Camarão da Costa', null);
insert into COLABORADOR values(149, 956458885, 'Matilde Mercedes', 'Avenida de Nova Iorque', 1952-02-14, 'O', null, 'Tripas à Moda do Porto', null);
insert into COLABORADOR values(150, 965238743, 'José Pinheiro', 'Perfeitura de Berlim', 1970-04-14, 'M', null, 'Fígado de Cebolada', null);
insert into COLABORADOR values(151, 968419235, 'Pedro Pereira', 'Perfeitura de Braga', 1985-01-07, 'O', null, 'Tripas à Moda do Porto', null);
insert into COLABORADOR values(152, 962720336, 'Júlia Araújo', 'Bairro de Vila Nova', 1950-03-21, 'M', null, 'Tripas à Moda do Porto', null);
insert into COLABORADOR values(153, 962560904, 'Matilde Silva', 'Avenida de Matosinhos', 1959-05-28, 'M', null, 'Camarão da Costa', null);
insert into COLABORADOR values(154, 954605747, 'André Bianca', 'Perfeitura de Lisboa', 1995-10-16, 'O', null, 'Bacalhau com Broa', null);
insert into COLABORADOR values(155, 962693317, 'Guilherme Moreira', 'Perfeitura de Faro', 2006-06-17, 'F', null, 'Tripas à Moda do Porto', null);
insert into COLABORADOR values(156, 958832503, 'Guilherme Peixe', 'Rua de Faro', 1955-04-15, 'F', null, 'Porco Assado', null);

insert into COLABORADOR values(157, 956976152, 'Francisca Guedes', 'Bairro de Marrocos', 1966-01-06, 'O', null, null, 3);
insert into COLABORADOR values(158, 961272459, 'Bernardo Mercedes', 'Entroncamento de Vila Nova', 1959-01-24, 'F', null, null, 1);
insert into COLABORADOR values(159, 960144070, 'Francisca Basílico', 'Perfeitura de Matosinhos', 1988-04-07, 'F', null, null, 1);
insert into COLABORADOR values(160, 961021726, 'Francisca Gigante', 'Entroncamento de Berlim', 2011-12-03, 'M', null, null, 5);
insert into COLABORADOR values(161, 951038377, 'Pedro Basílico', 'Avenida de Matosinhos', 2010-01-08, 'O', null, null, 6);
insert into COLABORADOR values(162, 966366045, 'Joana Guedes', 'Perfeitura de Faro', 1960-06-09, 'O', null, null, 6);
insert into COLABORADOR values(163, 951725177, 'Jorge Luís', 'Rua de Roma', 2007-02-09, 'F', null, null, 2);
insert into COLABORADOR values(164, 953890992, 'Júlia Abdul', 'Bairro de Londres', 1948-10-26, 'M', null, null, 4);
insert into COLABORADOR values(165, 954554526, 'Guilherme Araújo', 'Rua de Marrocos', 1965-10-06, 'O', null, null, 5);
insert into COLABORADOR values(166, 952824892, 'Pedro Pinheiro', 'Entroncamento de Braga', 1948-04-23, 'M', null, null, 1);
insert into COLABORADOR values(167, 966333625, 'Anabela Silva', 'Entroncamento de Granada', 1956-02-26, 'F', null, null, 3);
insert into COLABORADOR values(168, 962778869, 'Guilherme Pereira', 'Avenida de Londres', 1989-08-02, 'O', null, null, 2);
insert into COLABORADOR values(169, 957570253, 'Bernardo Veiga', 'Bairro de Xangai', 1970-02-03, 'O', null, null, 5);
insert into COLABORADOR values(170, 953445199, 'José Vieira', 'Bairro de Londres', 1982-02-14, 'M', null, null, 5);
insert into COLABORADOR values(171, 962220566, 'Pedro Veiga', 'Perfeitura de Marrocos', 1990-12-05, 'M', null, null, 6);
insert into COLABORADOR values(172, 961914381, 'José Barbosa', 'Entroncamento de Faro', 1954-12-11, 'O', null, null, 2);
insert into COLABORADOR values(173, 960458466, 'Joana Luís', 'Bairro de Berlim', 1962-04-28, 'F', null, null, 2);
insert into COLABORADOR values(174, 963253891, 'Guilherme Almeida', 'Bairro de Faro', 2013-06-14, 'O', null, null, 2);
insert into COLABORADOR values(175, 950413851, 'Francisca Basílico', 'Entroncamento de Xangai', 2003-07-02, 'M', null, null, 3);
insert into COLABORADOR values(176, 952852326, 'Paula Pinheiro', 'Entroncamento de Lisboa', 1952-03-14, 'O', null, null, 3);
insert into COLABORADOR values(177, 961537188, 'Jorge Araújo', 'Perfeitura de Berlim', 2010-09-04, 'F', null, null, 2);
insert into COLABORADOR values(178, 964852022, 'José Basílico', 'Bairro de Porto', 2013-11-11, 'F', null, null, 6);
insert into COLABORADOR values(179, 958035737, 'Jorge Gigante', 'Bairro de Faro', 1952-09-23, 'M', null, null, 1);
insert into COLABORADOR values(180, 951075310, 'Juliano Pinheiro', 'Entroncamento de Roma', 2000-05-23, 'O', null, null, 6);
insert into COLABORADOR values(181, 962208078, 'Francisca Moreira', 'Perfeitura de Berlim', 2012-03-17, 'O', null, null, 6);
insert into COLABORADOR values(182, 966672394, 'Pedro Pinheiro', 'Avenida de Brasília', 1961-06-10, 'F', null, null, 4);
insert into COLABORADOR values(183, 965819932, 'Angelo Basílico', 'Entroncamento de Berlim', 1987-05-03, 'O', null, null, 4);
insert into COLABORADOR values(184, 951304729, 'Afonso Pereira', 'Bairro de Paris', 1988-12-25, 'F', null, null, 2);
insert into COLABORADOR values(185, 961429440, 'José Abdul', 'Entroncamento de Granada', 1994-07-21, 'O', null, null, 5);
insert into COLABORADOR values(186, 968856440, 'Ana Mercedes', 'Bairro de Vila Nova', 1983-08-15, 'O', null, null, 6);
insert into COLABORADOR values(187, 964005137, 'Francisca Barbosa', 'Rua de Osaka', 2015-03-22, 'O', null, null, 2);
insert into COLABORADOR values(188, 959878868, 'André Almeida', 'Rua de Madrid', 1965-09-23, 'O', null, null, 1);
insert into COLABORADOR values(189, 966275675, 'Paulo Basílico', 'Avenida de Matosinhos', 1963-09-10, 'M', null, null, 6);
insert into COLABORADOR values(190, 958375863, 'Anabela Silva', 'Bairro de Lisboa', 1945-02-22, 'F', null, null, 1);
insert into COLABORADOR values(191, 968150697, 'Francisca Gigante', 'Perfeitura de Granada', 2017-03-08, 'O', null, null, 2);
insert into COLABORADOR values(192, 965076780, 'Júlia Cavalheiro', 'Avenida de Lisboa', 1985-04-05, 'O', null, null, 2);
insert into COLABORADOR values(193, 968315732, 'Pedro Araújo', 'Avenida de Brasília', 1978-01-28, 'M', null, null, 6);
insert into COLABORADOR values(194, 963063274, 'Matilde Cavalheiro', 'Bairro de Brasília', 1963-02-16, 'F', null, null, 2);
insert into COLABORADOR values(195, 950473304, 'Ricardo Pereira', 'Perfeitura de Copenhaga', 1983-04-26, 'O', null, null, 4);

insert into GRAUdePARENTESCO values(1, 77);
insert into GRAUdePARENTESCO values(2, 67);
insert into GRAUdePARENTESCO values(3, 77);
insert into GRAUdePARENTESCO values(4, 66);
insert into GRAUdePARENTESCO values(5, 70);
insert into GRAUdePARENTESCO values(6, 64);
insert into GRAUdePARENTESCO values(7, 68);
insert into GRAUdePARENTESCO values(8, 73);
insert into GRAUdePARENTESCO values(9, 66);
insert into GRAUdePARENTESCO values(10, 63);
insert into GRAUdePARENTESCO values(11, 67);
insert into GRAUdePARENTESCO values(12, 63);
insert into GRAUdePARENTESCO values(13, 78);
insert into GRAUdePARENTESCO values(14, 67);
insert into GRAUdePARENTESCO values(15, 78);
insert into GRAUdePARENTESCO values(16, 65);
insert into GRAUdePARENTESCO values(17, 74);
insert into GRAUdePARENTESCO values(18, 71);
insert into GRAUdePARENTESCO values(19, 64);
insert into GRAUdePARENTESCO values(20, 76);
insert into GRAUdePARENTESCO values(21, 70);
insert into GRAUdePARENTESCO values(22, 70);
insert into GRAUdePARENTESCO values(23, 75);
insert into GRAUdePARENTESCO values(24, 63);
insert into GRAUdePARENTESCO values(25, 77);
insert into GRAUdePARENTESCO values(26, 63);
insert into GRAUdePARENTESCO values(27, 69);
insert into GRAUdePARENTESCO values(28, 66);
insert into GRAUdePARENTESCO values(29, 72);
insert into GRAUdePARENTESCO values(30, 71);
insert into GRAUdePARENTESCO values(31, 71);
insert into GRAUdePARENTESCO values(32, 73);
insert into GRAUdePARENTESCO values(33, 66);
insert into GRAUdePARENTESCO values(34, 78);
insert into GRAUdePARENTESCO values(35, 71);
insert into GRAUdePARENTESCO values(36, 73);
insert into GRAUdePARENTESCO values(37, 70);
insert into GRAUdePARENTESCO values(38, 70);
insert into GRAUdePARENTESCO values(39, 70);
insert into GRAUdePARENTESCO values(40, 64);
insert into GRAUdePARENTESCO values(41, 78);
insert into GRAUdePARENTESCO values(42, 78);
insert into GRAUdePARENTESCO values(43, 74);
insert into GRAUdePARENTESCO values(44, 66);
insert into GRAUdePARENTESCO values(45, 65);
insert into GRAUdePARENTESCO values(46, 72);
insert into GRAUdePARENTESCO values(47, 64);
insert into GRAUdePARENTESCO values(48, 67);
insert into GRAUdePARENTESCO values(49, 70);
insert into GRAUdePARENTESCO values(50, 65);
insert into GRAUdePARENTESCO values(51, 64);
insert into GRAUdePARENTESCO values(52, 72);
insert into GRAUdePARENTESCO values(53, 71);
insert into GRAUdePARENTESCO values(54, 67);
insert into GRAUdePARENTESCO values(55, 63);
insert into GRAUdePARENTESCO values(56, 78);
insert into GRAUdePARENTESCO values(57, 65);
insert into GRAUdePARENTESCO values(58, 75);
insert into GRAUdePARENTESCO values(59, 70);
insert into GRAUdePARENTESCO values(60, 68);
insert into GRAUdePARENTESCO values(61, 78);
insert into GRAUdePARENTESCO values(62, 74);

insert into PacienteSegurosPatologia values(1, 3, 34);
insert into PacienteSegurosPatologia values(2, 6, 2);
insert into PacienteSegurosPatologia values(3, 3, 16);
insert into PacienteSegurosPatologia values(4, 3, 16);
insert into PacienteSegurosPatologia values(5, 10, 23);
insert into PacienteSegurosPatologia values(6, 6, 12);
insert into PacienteSegurosPatologia values(7, 7, 28);
insert into PacienteSegurosPatologia values(8, 3, 39);
insert into PacienteSegurosPatologia values(9, 1, 16);
insert into PacienteSegurosPatologia values(10, 9, 5);
insert into PacienteSegurosPatologia values(11, 11, 14);
insert into PacienteSegurosPatologia values(12, 3, 18);
insert into PacienteSegurosPatologia values(13, 8, 2);
insert into PacienteSegurosPatologia values(14, 7, 29);
insert into PacienteSegurosPatologia values(15, 4, 15);
insert into PacienteSegurosPatologia values(16, 4, 22);
insert into PacienteSegurosPatologia values(17, 12, 5);
insert into PacienteSegurosPatologia values(18, 10, 15);
insert into PacienteSegurosPatologia values(19, 3, 37);
insert into PacienteSegurosPatologia values(20, 4, 9);
insert into PacienteSegurosPatologia values(21, 8, 29);
insert into PacienteSegurosPatologia values(22, 4, 15);
insert into PacienteSegurosPatologia values(23, 5, 9);
insert into PacienteSegurosPatologia values(24, 5, 36);
insert into PacienteSegurosPatologia values(25, 4, 28);
insert into PacienteSegurosPatologia values(26, 1, 37);
insert into PacienteSegurosPatologia values(27, 10, 26);
insert into PacienteSegurosPatologia values(28, 1, 2);
insert into PacienteSegurosPatologia values(29, 7, 7);
insert into PacienteSegurosPatologia values(30, 4, 38);
insert into PacienteSegurosPatologia values(31, 3, 10);
insert into PacienteSegurosPatologia values(32, 10, 6);
insert into PacienteSegurosPatologia values(33, 7, 37);
insert into PacienteSegurosPatologia values(34, 2, 2);
insert into PacienteSegurosPatologia values(35, 12, 21);
insert into PacienteSegurosPatologia values(36, 2, 13);
insert into PacienteSegurosPatologia values(37, 3, 26);
insert into PacienteSegurosPatologia values(38, 6, 2);
insert into PacienteSegurosPatologia values(39, 2, 2);
insert into PacienteSegurosPatologia values(40, 9, 36);
insert into PacienteSegurosPatologia values(41, 9, 7);
insert into PacienteSegurosPatologia values(42, 6, 9);
insert into PacienteSegurosPatologia values(43, 2, 20);
insert into PacienteSegurosPatologia values(44, 1, 24);
insert into PacienteSegurosPatologia values(45, 10, 28);
insert into PacienteSegurosPatologia values(46, 1, 37);
insert into PacienteSegurosPatologia values(47, 8, 32);
insert into PacienteSegurosPatologia values(48, 6, 26);
insert into PacienteSegurosPatologia values(49, 3, 3);
insert into PacienteSegurosPatologia values(50, 11, 21);
insert into PacienteSegurosPatologia values(51, 2, 3);
insert into PacienteSegurosPatologia values(52, 11, 1);
insert into PacienteSegurosPatologia values(53, 2, 37);
insert into PacienteSegurosPatologia values(54, 6, 36);
insert into PacienteSegurosPatologia values(55, 12, 30);
insert into PacienteSegurosPatologia values(56, 10, 15);
insert into PacienteSegurosPatologia values(57, 6, 33);
insert into PacienteSegurosPatologia values(58, 12, 22);
insert into PacienteSegurosPatologia values(59, 8, 22);
insert into PacienteSegurosPatologia values(60, 8, 21);
insert into PacienteSegurosPatologia values(61, 2, 14);
insert into PacienteSegurosPatologia values(62, 2, 23);

insert or replace into DATAdeNASCIMENTO values(1945-02-22, 76);
insert or replace into DATAdeNASCIMENTO values(1945-07-18, 76);
insert or replace into DATAdeNASCIMENTO values(1945-10-19, 76);
insert or replace into DATAdeNASCIMENTO values(1946-08-23, 75);
insert or replace into DATAdeNASCIMENTO values(1946-10-10, 75);
insert or replace into DATAdeNASCIMENTO values(1946-11-26, 75);
insert or replace into DATAdeNASCIMENTO values(1947-03-03, 74);
insert or replace into DATAdeNASCIMENTO values(1947-05-06, 74);
insert or replace into DATAdeNASCIMENTO values(1948-04-23, 73);
insert or replace into DATAdeNASCIMENTO values(1948-06-06, 73);
insert or replace into DATAdeNASCIMENTO values(1948-10-26, 73);
insert or replace into DATAdeNASCIMENTO values(1949-01-03, 72);
insert or replace into DATAdeNASCIMENTO values(1949-02-07, 72);
insert or replace into DATAdeNASCIMENTO values(1949-02-16, 72);
insert or replace into DATAdeNASCIMENTO values(1949-07-06, 72);
insert or replace into DATAdeNASCIMENTO values(1949-08-07, 72);
insert or replace into DATAdeNASCIMENTO values(1950-03-21, 71);
insert or replace into DATAdeNASCIMENTO values(1950-06-10, 71);
insert or replace into DATAdeNASCIMENTO values(1950-08-03, 71);
insert or replace into DATAdeNASCIMENTO values(1950-10-05, 71);
insert or replace into DATAdeNASCIMENTO values(1952-02-14, 69);
insert or replace into DATAdeNASCIMENTO values(1952-02-18, 69);
insert or replace into DATAdeNASCIMENTO values(1952-03-14, 69);
insert or replace into DATAdeNASCIMENTO values(1952-09-23, 69);
insert or replace into DATAdeNASCIMENTO values(1952-12-24, 69);
insert or replace into DATAdeNASCIMENTO values(1953-06-04, 68);
insert or replace into DATAdeNASCIMENTO values(1953-06-11, 68);
insert or replace into DATAdeNASCIMENTO values(1953-08-20, 68);
insert or replace into DATAdeNASCIMENTO values(1954-03-12, 67);
insert or replace into DATAdeNASCIMENTO values(1954-06-15, 67);
insert or replace into DATAdeNASCIMENTO values(1954-12-11, 67);
insert or replace into DATAdeNASCIMENTO values(1955-02-05, 66);
insert or replace into DATAdeNASCIMENTO values(1955-03-11, 66);
insert or replace into DATAdeNASCIMENTO values(1955-04-15, 66);
insert or replace into DATAdeNASCIMENTO values(1955-04-17, 66);
insert or replace into DATAdeNASCIMENTO values(1955-10-06, 66);
insert or replace into DATAdeNASCIMENTO values(1956-02-26, 65);
insert or replace into DATAdeNASCIMENTO values(1956-04-10, 65);
insert or replace into DATAdeNASCIMENTO values(1956-10-06, 65);
insert or replace into DATAdeNASCIMENTO values(1956-10-15, 65);
insert or replace into DATAdeNASCIMENTO values(1957-03-17, 64);
insert or replace into DATAdeNASCIMENTO values(1957-07-07, 64);
insert or replace into DATAdeNASCIMENTO values(1959-01-24, 62);
insert or replace into DATAdeNASCIMENTO values(1959-05-28, 62);
insert or replace into DATAdeNASCIMENTO values(1960-03-11, 61);
insert or replace into DATAdeNASCIMENTO values(1960-04-25, 61);
insert or replace into DATAdeNASCIMENTO values(1960-06-09, 61);
insert or replace into DATAdeNASCIMENTO values(1960-08-20, 61);
insert or replace into DATAdeNASCIMENTO values(1960-10-19, 61);
insert or replace into DATAdeNASCIMENTO values(1960-11-23, 61);
insert or replace into DATAdeNASCIMENTO values(1960-12-04, 61);
insert or replace into DATAdeNASCIMENTO values(1960-12-27, 61);
insert or replace into DATAdeNASCIMENTO values(1961-06-10, 60);
insert or replace into DATAdeNASCIMENTO values(1961-07-07, 60);
insert or replace into DATAdeNASCIMENTO values(1961-10-08, 60);
insert or replace into DATAdeNASCIMENTO values(1961-10-26, 60);
insert or replace into DATAdeNASCIMENTO values(1962-03-17, 59);
insert or replace into DATAdeNASCIMENTO values(1962-04-28, 59);
insert or replace into DATAdeNASCIMENTO values(1962-05-05, 59);
insert or replace into DATAdeNASCIMENTO values(1963-01-23, 58);
insert or replace into DATAdeNASCIMENTO values(1963-02-02, 58);
insert or replace into DATAdeNASCIMENTO values(1963-02-12, 58);
insert or replace into DATAdeNASCIMENTO values(1963-02-16, 58);
insert or replace into DATAdeNASCIMENTO values(1963-04-17, 58);
insert or replace into DATAdeNASCIMENTO values(1963-07-03, 58);
insert or replace into DATAdeNASCIMENTO values(1963-09-10, 58);
insert or replace into DATAdeNASCIMENTO values(1964-01-03, 57);
insert or replace into DATAdeNASCIMENTO values(1965-09-23, 56);
insert or replace into DATAdeNASCIMENTO values(1965-10-06, 56);
insert or replace into DATAdeNASCIMENTO values(1966-01-06, 55);
insert or replace into DATAdeNASCIMENTO values(1966-02-26, 55);
insert or replace into DATAdeNASCIMENTO values(1966-05-20, 55);
insert or replace into DATAdeNASCIMENTO values(1966-07-14, 55);
insert or replace into DATAdeNASCIMENTO values(1967-11-03, 54);
insert or replace into DATAdeNASCIMENTO values(1968-01-03, 53);
insert or replace into DATAdeNASCIMENTO values(1968-02-06, 53);
insert or replace into DATAdeNASCIMENTO values(1968-04-22, 53);
insert or replace into DATAdeNASCIMENTO values(1968-04-27, 53);
insert or replace into DATAdeNASCIMENTO values(1968-10-24, 53);
insert or replace into DATAdeNASCIMENTO values(1968-12-03, 53);
insert or replace into DATAdeNASCIMENTO values(1969-02-28, 52);
insert or replace into DATAdeNASCIMENTO values(1969-12-25, 52);
insert or replace into DATAdeNASCIMENTO values(1970-02-03, 51);
insert or replace into DATAdeNASCIMENTO values(1970-03-11, 51);
insert or replace into DATAdeNASCIMENTO values(1970-04-14, 51);
insert or replace into DATAdeNASCIMENTO values(1970-08-01, 51);
insert or replace into DATAdeNASCIMENTO values(1970-12-03, 51);
insert or replace into DATAdeNASCIMENTO values(1971-02-25, 50);
insert or replace into DATAdeNASCIMENTO values(1971-11-26, 50);
insert or replace into DATAdeNASCIMENTO values(1972-11-28, 49);
insert or replace into DATAdeNASCIMENTO values(1973-05-15, 48);
insert or replace into DATAdeNASCIMENTO values(1974-08-21, 47);
insert or replace into DATAdeNASCIMENTO values(1975-05-25, 46);
insert or replace into DATAdeNASCIMENTO values(1975-06-18, 46);
insert or replace into DATAdeNASCIMENTO values(1975-10-09, 46);
insert or replace into DATAdeNASCIMENTO values(1975-11-04, 46);
insert or replace into DATAdeNASCIMENTO values(1976-07-07, 45);
insert or replace into DATAdeNASCIMENTO values(1976-10-03, 45);
insert or replace into DATAdeNASCIMENTO values(1977-02-02, 44);
insert or replace into DATAdeNASCIMENTO values(1977-03-23, 44);
insert or replace into DATAdeNASCIMENTO values(1977-11-18, 44);
insert or replace into DATAdeNASCIMENTO values(1978-01-28, 43);
insert or replace into DATAdeNASCIMENTO values(1978-08-07, 43);
insert or replace into DATAdeNASCIMENTO values(1980-01-22, 41);
insert or replace into DATAdeNASCIMENTO values(1980-03-04, 41);
insert or replace into DATAdeNASCIMENTO values(1980-11-01, 41);
insert or replace into DATAdeNASCIMENTO values(1980-12-09, 41);
insert or replace into DATAdeNASCIMENTO values(1981-03-28, 40);
insert or replace into DATAdeNASCIMENTO values(1981-04-25, 40);
insert or replace into DATAdeNASCIMENTO values(1981-05-26, 40);
insert or replace into DATAdeNASCIMENTO values(1982-02-14, 39);
insert or replace into DATAdeNASCIMENTO values(1983-04-14, 38);
insert or replace into DATAdeNASCIMENTO values(1983-04-26, 38);
insert or replace into DATAdeNASCIMENTO values(1983-06-02, 38);
insert or replace into DATAdeNASCIMENTO values(1983-06-17, 38);
insert or replace into DATAdeNASCIMENTO values(1983-08-15, 38);
insert or replace into DATAdeNASCIMENTO values(1983-10-28, 38);
insert or replace into DATAdeNASCIMENTO values(1984-12-11, 37);
insert or replace into DATAdeNASCIMENTO values(1985-01-07, 36);
insert or replace into DATAdeNASCIMENTO values(1985-02-28, 36);
insert or replace into DATAdeNASCIMENTO values(1985-03-17, 36);
insert or replace into DATAdeNASCIMENTO values(1985-04-05, 36);
insert or replace into DATAdeNASCIMENTO values(1985-04-10, 36);
insert or replace into DATAdeNASCIMENTO values(1985-10-13, 36);
insert or replace into DATAdeNASCIMENTO values(1986-03-27, 35);
insert or replace into DATAdeNASCIMENTO values(1987-05-03, 34);
insert or replace into DATAdeNASCIMENTO values(1987-05-11, 34);
insert or replace into DATAdeNASCIMENTO values(1988-04-07, 33);
insert or replace into DATAdeNASCIMENTO values(1988-08-13, 33);
insert or replace into DATAdeNASCIMENTO values(1988-12-25, 33);
insert or replace into DATAdeNASCIMENTO values(1989-01-15, 32);
insert or replace into DATAdeNASCIMENTO values(1989-08-02, 32);
insert or replace into DATAdeNASCIMENTO values(1989-09-05, 32);
insert or replace into DATAdeNASCIMENTO values(1989-11-27, 32);
insert or replace into DATAdeNASCIMENTO values(1990-03-10, 31);
insert or replace into DATAdeNASCIMENTO values(1990-09-14, 31);
insert or replace into DATAdeNASCIMENTO values(1990-12-05, 31);
insert or replace into DATAdeNASCIMENTO values(1992-01-12, 29);
insert or replace into DATAdeNASCIMENTO values(1992-05-27, 29);
insert or replace into DATAdeNASCIMENTO values(1992-07-07, 29);
insert or replace into DATAdeNASCIMENTO values(1992-08-28, 29);
insert or replace into DATAdeNASCIMENTO values(1993-04-21, 28);
insert or replace into DATAdeNASCIMENTO values(1993-12-28, 28);
insert or replace into DATAdeNASCIMENTO values(1994-01-19, 27);
insert or replace into DATAdeNASCIMENTO values(1994-07-11, 27);
insert or replace into DATAdeNASCIMENTO values(1994-07-21, 27);
insert or replace into DATAdeNASCIMENTO values(1994-12-23, 27);
insert or replace into DATAdeNASCIMENTO values(1995-07-06, 26);
insert or replace into DATAdeNASCIMENTO values(1995-07-19, 26);
insert or replace into DATAdeNASCIMENTO values(1995-10-11, 26);
insert or replace into DATAdeNASCIMENTO values(1995-10-16, 26);
insert or replace into DATAdeNASCIMENTO values(1996-07-06, 25);
insert or replace into DATAdeNASCIMENTO values(1996-09-23, 25);
insert or replace into DATAdeNASCIMENTO values(1997-09-08, 24);
insert or replace into DATAdeNASCIMENTO values(1997-12-17, 24);
insert or replace into DATAdeNASCIMENTO values(1999-02-03, 22);
insert or replace into DATAdeNASCIMENTO values(2000-05-23, 21);
insert or replace into DATAdeNASCIMENTO values(2001-04-07, 20);
insert or replace into DATAdeNASCIMENTO values(2002-03-09, 19);
insert or replace into DATAdeNASCIMENTO values(2002-09-08, 19);
insert or replace into DATAdeNASCIMENTO values(2003-07-02, 18);
insert or replace into DATAdeNASCIMENTO values(2004-11-17, 17);
insert or replace into DATAdeNASCIMENTO values(2005-06-05, 16);
insert or replace into DATAdeNASCIMENTO values(2005-08-28, 16);
insert or replace into DATAdeNASCIMENTO values(2006-01-26, 15);
insert or replace into DATAdeNASCIMENTO values(2006-06-17, 15);
insert or replace into DATAdeNASCIMENTO values(2007-02-09, 14);
insert or replace into DATAdeNASCIMENTO values(2007-02-10, 14);
insert or replace into DATAdeNASCIMENTO values(2007-03-11, 14);
insert or replace into DATAdeNASCIMENTO values(2007-04-12, 14);
insert or replace into DATAdeNASCIMENTO values(2007-08-11, 14);
insert or replace into DATAdeNASCIMENTO values(2007-08-18, 14);
insert or replace into DATAdeNASCIMENTO values(2008-07-20, 13);
insert or replace into DATAdeNASCIMENTO values(2009-04-06, 12);
insert or replace into DATAdeNASCIMENTO values(2009-11-15, 12);
insert or replace into DATAdeNASCIMENTO values(2010-01-08, 11);
insert or replace into DATAdeNASCIMENTO values(2010-02-27, 11);
insert or replace into DATAdeNASCIMENTO values(2010-09-04, 11);
insert or replace into DATAdeNASCIMENTO values(2011-08-24, 10);
insert or replace into DATAdeNASCIMENTO values(2011-12-03, 10);
insert or replace into DATAdeNASCIMENTO values(2012-01-24, 9);
insert or replace into DATAdeNASCIMENTO values(2012-03-17, 9);
insert or replace into DATAdeNASCIMENTO values(2013-06-14, 8);
insert or replace into DATAdeNASCIMENTO values(2013-07-20, 8);
insert or replace into DATAdeNASCIMENTO values(2013-08-08, 8);
insert or replace into DATAdeNASCIMENTO values(2013-11-11, 8);
insert or replace into DATAdeNASCIMENTO values(2014-08-25, 7);
insert or replace into DATAdeNASCIMENTO values(2015-02-01, 6);
insert or replace into DATAdeNASCIMENTO values(2015-03-22, 6);
insert or replace into DATAdeNASCIMENTO values(2016-12-27, 5);
insert or replace into DATAdeNASCIMENTO values(2017-03-08, 4);
insert or replace into DATAdeNASCIMENTO values(2017-06-18, 4);
insert or replace into DATAdeNASCIMENTO values(2017-11-06, 4);

insert into TRATA values(1, 158, null);
insert into TRATA values(1, 159, null);
insert into TRATA values(1, 166, null);
insert into TRATA values(1, 179, null);
insert into TRATA values(1, 188, null);
insert into TRATA values(1, 190, null);
insert into TRATA values(2, 158, null);
insert into TRATA values(2, 159, null);
insert into TRATA values(2, 166, null);
insert into TRATA values(2, 179, null);
insert into TRATA values(2, 188, null);
insert into TRATA values(2, 190, null);
insert into TRATA values(3, 163, null);
insert into TRATA values(3, 168, null);
insert into TRATA values(3, 172, null);
insert into TRATA values(3, 173, null);
insert into TRATA values(3, 174, null);
insert into TRATA values(3, 177, null);
insert into TRATA values(3, 184, null);
insert into TRATA values(3, 187, null);
insert into TRATA values(3, 191, null);
insert into TRATA values(3, 192, null);
insert into TRATA values(3, 194, null);
insert into TRATA values(4, 163, null);
insert into TRATA values(4, 168, null);
insert into TRATA values(4, 172, null);
insert into TRATA values(4, 173, null);
insert into TRATA values(4, 174, null);
insert into TRATA values(4, 177, null);
insert into TRATA values(4, 184, null);
insert into TRATA values(4, 187, null);
insert into TRATA values(4, 191, null);
insert into TRATA values(4, 192, null);
insert into TRATA values(4, 194, null);
insert into TRATA values(5, 157, null);
insert into TRATA values(5, 167, null);
insert into TRATA values(5, 175, null);
insert into TRATA values(5, 176, null);
insert into TRATA values(6, 157, null);
insert into TRATA values(6, 167, null);
insert into TRATA values(6, 175, null);
insert into TRATA values(6, 176, null);
insert into TRATA values(7, 164, null);
insert into TRATA values(7, 182, null);
insert into TRATA values(7, 183, null);
insert into TRATA values(7, 195, null);
insert into TRATA values(8, 164, null);
insert into TRATA values(8, 182, null);
insert into TRATA values(8, 183, null);
insert into TRATA values(8, 195, null);
insert into TRATA values(9, 160, null);
insert into TRATA values(9, 165, null);
insert into TRATA values(9, 169, null);
insert into TRATA values(9, 170, null);
insert into TRATA values(9, 185, null);
insert into TRATA values(10, 160, null);
insert into TRATA values(10, 165, null);
insert into TRATA values(10, 169, null);
insert into TRATA values(10, 170, null);
insert into TRATA values(10, 185, null);
insert into TRATA values(11, 161, null);
insert into TRATA values(11, 162, null);
insert into TRATA values(11, 171, null);
insert into TRATA values(11, 178, null);
insert into TRATA values(11, 180, null);
insert into TRATA values(11, 181, null);
insert into TRATA values(11, 186, null);
insert into TRATA values(11, 189, null);
insert into TRATA values(11, 193, null);
insert into TRATA values(12, 161, null);
insert into TRATA values(12, 162, null);
insert into TRATA values(12, 171, null);
insert into TRATA values(12, 178, null);
insert into TRATA values(12, 180, null);
insert into TRATA values(12, 181, null);
insert into TRATA values(12, 186, null);
insert into TRATA values(12, 189, null);
insert into TRATA values(12, 193, null);

insert into AGENDA values(1, '13:11', '14:00', 2022-10-10, 'Piso 0', 1, null);

