PRAGMA foreign_keys = on;

insert into ESPECIALIDADE values(1, 'Urologia');
insert into ESPECIALIDADE values(2, 'Estomatologia');
insert into ESPECIALIDADE values(3, 'Pediatria');
insert into ESPECIALIDADE values(4, 'Medicina Geral');
insert into ESPECIALIDADE values(5, 'Fisioterapia');
insert into ESPECIALIDADE values(6, 'Osteopatia');

insert into PATOLOGIA values(1, 'Pedra nos Rins');
insert into PATOLOGIA values(2, 'Ortodontia');
insert into PATOLOGIA values(3, 'Branqueamento');
insert into PATOLOGIA values(4, 'Gripe');
insert into PATOLOGIA values(5, 'Febre');
insert into PATOLOGIA values(6, 'Tosse');
insert into PATOLOGIA values(7, 'Covid-19');
insert into PATOLOGIA values(8, 'Anca');
insert into PATOLOGIA values(9, 'Joelho');
insert into PATOLOGIA values(10, 'Femur');
insert into PATOLOGIA values(11, 'Costela');
insert into PATOLOGIA values(12, 'Infeção Urinária');

insert into SEGUROSdeSAUDE values(1, 'Servicos Sociais', 2022-03-16);
insert into SEGUROSdeSAUDE values(2, 'Liberty', 2029-08-10);
insert into SEGUROSdeSAUDE values(3, 'AXA', 2024-01-19);
insert into SEGUROSdeSAUDE values(4, 'Liberty', 2024-03-03);
insert into SEGUROSdeSAUDE values(5, 'Multicare', 2028-11-12);
insert into SEGUROSdeSAUDE values(6, 'Servicos Sociais', 2026-09-11);
insert into SEGUROSdeSAUDE values(7, 'Multicare', 2026-04-26);
insert into SEGUROSdeSAUDE values(8, 'Multicare', 2024-04-06);
insert into SEGUROSdeSAUDE values(9, 'Multicare', 2026-11-06);
insert into SEGUROSdeSAUDE values(10, 'AXA', 2025-09-27);
insert into SEGUROSdeSAUDE values(11, 'Liberty', 2023-06-01);
insert into SEGUROSdeSAUDE values(12, 'Multicare', 2025-03-06);
insert into SEGUROSdeSAUDE values(13, 'Multicare', 2026-11-26);
insert into SEGUROSdeSAUDE values(14, 'Multicare', 2025-07-21);
insert into SEGUROSdeSAUDE values(15, 'Servicos Sociais', 2029-08-04);
insert into SEGUROSdeSAUDE values(16, 'AXA', 2022-04-07);
insert into SEGUROSdeSAUDE values(17, 'Liberty', 2024-06-23);
insert into SEGUROSdeSAUDE values(18, 'AXA', 2025-12-14);
insert into SEGUROSdeSAUDE values(19, 'Servicos Sociais', 2029-06-16);
insert into SEGUROSdeSAUDE values(20, 'Liberty', 2022-01-24);
insert into SEGUROSdeSAUDE values(21, 'Servicos Sociais', 2022-01-18);
insert into SEGUROSdeSAUDE values(22, 'AXA', 2024-09-14);
insert into SEGUROSdeSAUDE values(23, 'Liberty', 2027-05-21);
insert into SEGUROSdeSAUDE values(24, 'Multicare', 2024-06-24);
insert into SEGUROSdeSAUDE values(25, 'AXA', 2022-11-04);
insert into SEGUROSdeSAUDE values(26, 'Multicare', 2026-11-17);
insert into SEGUROSdeSAUDE values(27, 'Multicare', 2025-09-03);
insert into SEGUROSdeSAUDE values(28, 'Liberty', 2024-07-11);
insert into SEGUROSdeSAUDE values(29, 'Servicos Sociais', 2024-08-07);
insert into SEGUROSdeSAUDE values(30, 'Liberty', 2028-12-20);
insert into SEGUROSdeSAUDE values(31, 'AXA', 2026-10-12);
insert into SEGUROSdeSAUDE values(32, 'AXA', 2028-08-23);
insert into SEGUROSdeSAUDE values(33, 'Liberty', 2025-04-04);
insert into SEGUROSdeSAUDE values(34, 'Multicare', 2028-01-11);
insert into SEGUROSdeSAUDE values(35, 'Multicare', 2024-10-23);
insert into SEGUROSdeSAUDE values(36, 'Liberty', 2027-04-11);
insert into SEGUROSdeSAUDE values(37, 'AXA', 2029-05-19);
insert into SEGUROSdeSAUDE values(38, 'AXA', 2028-06-25);
insert into SEGUROSdeSAUDE values(39, 'AXA', 2024-05-19);

insert into PACIENTE values(1, 924209450, 'Pedro Almeida', 'Perfeitura de Londres', 1973-03-18, 'O', 'Professor de Civil');
insert into PACIENTE values(2, 929667545, 'Angelo Guedes', 'Entroncamento de Copenhaga', 1999-06-05, 'F', 'Gestor de Informática');
insert into PACIENTE values(3, 911204014, 'Anderson Pinheiro', 'Avenida de Brasília', 1947-01-01, 'M', 'Doutor de Informática');
insert into PACIENTE values(4, 911786546, 'Elisabete Mercedes', 'Perfeitura de Paris', 2016-06-12, 'M', 'Advogado de Sistemas');
insert into PACIENTE values(5, 914808017, 'Guilherme Abdul', 'Perfeitura de Brasília', 1967-07-09, 'F', 'Doutor de Contas');
insert into PACIENTE values(6, 929772188, 'Bernardo Guedes', 'Perfeitura de Londres', 1978-10-26, 'F', 'Professor de Informática');
insert into PACIENTE values(7, 911312958, 'Francisco Mercedes', 'Rua de Madrid', 1966-02-22, 'M', 'Professor de Sistemas');
insert into PACIENTE values(8, 925497769, 'José Pereira', 'Rua de Berlim', 1998-05-03, 'O', 'Doutor de Civil');
insert into PACIENTE values(9, 925484644, 'Júlia Abdul', 'Rua de Osaka', 1960-09-14, 'F', 'Contabilista de Informática');
insert into PACIENTE values(10, 912273624, 'José Moreira', 'Bairro de Porto', 1978-02-14, 'F', 'Gestor de Estados');
insert into PACIENTE values(11, 917155479, 'Ana Gigante', 'Bairro de Nova Iorque', 1985-07-13, 'M', 'Doutor de Programas');
insert into PACIENTE values(12, 926343056, 'Elisabete Araújo', 'Rua de Vila Nova', 1977-02-14, 'M', 'Advogado de Contas');
insert into PACIENTE values(13, 927406286, 'Juliano Araújo', 'Bairro de Porto', 1982-05-08, 'M', 'Secretário de Informática');
insert into PACIENTE values(14, 912526369, 'Afonso Araújo', 'Rua de Nova Iorque', 1971-08-24, 'F', 'Contabilista de Programas');
insert into PACIENTE values(15, 911395616, 'Júlia Luís', 'Entroncamento de Osaka', 1992-08-12, 'M', 'Contabilista de Civil');
insert into PACIENTE values(16, 928022478, 'Ana Peixe', 'Entroncamento de Roma', 1981-05-04, 'F', 'Engenheiro de Contas');
insert into PACIENTE values(17, 920773155, 'Francisco Pereira', 'Entroncamento de Paris', 1953-06-06, 'F', 'Gestor de Civil');
insert into PACIENTE values(18, 926914337, 'Afonso Cavalheiro', 'Avenida de Londres', 2007-06-22, 'O', 'Engenheiro de Sistemas');
insert into PACIENTE values(19, 917080142, 'João Mercedes', 'Rua de Matosinhos', 1946-03-04, 'M', 'Secretário de Civil');
insert into PACIENTE values(20, 913834643, 'Afonso Basílico', 'Perfeitura de Brasília', 1966-05-04, 'F', 'Gestor de Estados');
insert into PACIENTE values(21, 927167816, 'Francisca Bianca', 'Entroncamento de Paris', 1997-10-04, 'M', 'Advogado de Civil');
insert into PACIENTE values(22, 922720849, 'João Silva', 'Avenida de Londres', 1962-10-22, 'O', 'Professor de Civil');
insert into PACIENTE values(23, 917290055, 'Juliano Pinheiro', 'Entroncamento de Paris', 1971-06-01, 'F', 'Gestor de Informática');
insert into PACIENTE values(24, 927184783, 'Paulo Mercedes', 'Entroncamento de Lisboa', 1954-09-05, 'F', 'Doutor de Programas');
insert into PACIENTE values(25, 924447020, 'Anabela Barbosa', 'Entroncamento de Londres', 1962-03-10, 'F', 'Contabilista de Informática');
insert into PACIENTE values(26, 920641844, 'Paulo Moreira', 'Entroncamento de Roma', 1973-08-16, 'F', 'Professor de Informática');
insert into PACIENTE values(27, 914124368, 'André Pereira', 'Rua de Lisboa', 1960-04-04, 'F', 'Advogado de Civil');
insert into PACIENTE values(28, 910262460, 'João Barbosa', 'Entroncamento de Filadélfia', 1953-09-22, 'F', 'Professor de Informática');
insert into PACIENTE values(29, 915124771, 'Bernardo Luís', 'Entroncamento de Braga', 1981-02-15, 'F', 'Contabilista de Estados');
insert into PACIENTE values(30, 916280116, 'José Peixe', 'Perfeitura de Paris', 2013-02-17, 'O', 'Secretário de Sistemas');
insert into PACIENTE values(31, 916918432, 'Angelo Mercedes', 'Avenida de Londres', 1992-08-28, 'M', 'Contabilista de Informática');
insert into PACIENTE values(32, 928554199, 'Francisco Pereira', 'Rua de Porto', 1981-03-05, 'O', 'Professor de Sistemas');
insert into PACIENTE values(33, 924028973, 'José Araújo', 'Bairro de Nova Iorque', 1973-03-11, 'F', 'Professor de Civil');
insert into PACIENTE values(34, 917060611, 'André Gigante', 'Avenida de Filadélfia', 2001-04-26, 'M', 'Gestor de Informática');
insert into PACIENTE values(35, 915454113, 'Júlia Almeida', 'Rua de Matosinhos', 1955-12-01, 'O', 'Gestor de Civil');
insert into PACIENTE values(36, 915145970, 'Guilherme Luís', 'Bairro de Londres', 1989-01-28, 'F', 'Advogado de Sistemas');
insert into PACIENTE values(37, 916744913, 'Pedro Pinheiro', 'Avenida de Filadélfia', 1947-06-15, 'O', 'Contabilista de Contas');
insert into PACIENTE values(38, 915426810, 'Juliano Guedes', 'Entroncamento de Paris', 1969-11-26, 'F', 'Contabilista de Estados');
insert into PACIENTE values(39, 913197118, 'Jorge Almeida', 'Bairro de Londres', 1991-08-14, 'F', 'Advogado de Sistemas');
insert into PACIENTE values(40, 927870330, 'Júlia Veiga', 'Entroncamento de Faro', 1967-09-08, 'O', 'Doutor de Contas');
insert into PACIENTE values(41, 919571328, 'Juliano Moreira', 'Entroncamento de Madrid', 1955-03-15, 'F', 'Professor de Sistemas');
insert into PACIENTE values(42, 921767014, 'João Silva', 'Rua de Porto', 1971-06-08, 'F', 'Professor de Contas');
insert into PACIENTE values(43, 922477309, 'Júlia Abdul', 'Avenida de Roma', 1945-10-23, 'M', 'Gestor de Programas');
insert into PACIENTE values(44, 922995846, 'Elisabete Gigante', 'Rua de Osaka', 1964-01-12, 'M', 'Gestor de Estados');
insert into PACIENTE values(45, 912142641, 'Ricardo Mercedes', 'Rua de Melbourne', 1972-03-09, 'M', 'Advogado de Sistemas');
insert into PACIENTE values(46, 925063347, 'Bernardo Barbosa', 'Bairro de Nova Iorque', 1954-08-16, 'O', 'Professor de Programas');
insert into PACIENTE values(47, 911308226, 'Anabela Basílico', 'Entroncamento de Granada', 2006-10-18, 'O', 'Secretário de Contas');
insert into PACIENTE values(48, 927527566, 'João Vieira', 'Rua de Berlim', 1950-02-23, 'O', 'Contabilista de Contas');
insert into PACIENTE values(49, 917272668, 'Pedro Cavalheiro', 'Rua de Osaka', 1966-05-07, 'F', 'Gestor de Programas');
insert into PACIENTE values(50, 912844307, 'Pedro Bianca', 'Perfeitura de Melbourne', 2004-08-21, 'F', 'Engenheiro de Sistemas');
insert into PACIENTE values(51, 926145236, 'Elisabete Abdul', 'Perfeitura de Londres', 2011-01-27, 'O', 'Gestor de Contas');
insert into PACIENTE values(52, 926549397, 'Paulo Abdul', 'Rua de Madrid', 1970-03-26, 'M', 'Gestor de Programas');
insert into PACIENTE values(53, 927407001, 'Ana Bianca', 'Perfeitura de Osaka', 1957-07-15, 'M', 'Engenheiro de Programas');
insert into PACIENTE values(54, 926462225, 'José Abdul', 'Avenida de Brasília', 1983-05-02, 'O', 'Professor de Informática');
insert into PACIENTE values(55, 920757747, 'Joana Peixe', 'Bairro de Matosinhos', 1965-11-03, 'M', 'Advogado de Informática');
insert into PACIENTE values(56, 919905896, 'Júlia Peixe', 'Bairro de Filadélfia', 1949-05-15, 'O', 'Advogado de Informática');
insert into PACIENTE values(57, 918394204, 'Júlia Pinheiro', 'Perfeitura de Osaka', 1963-05-21, 'O', 'Doutor de Estados');
insert into PACIENTE values(58, 913598070, 'Paulo Bianca', 'Perfeitura de Melbourne', 1967-03-07, 'M', 'Gestor de Estados');
insert into PACIENTE values(59, 923457963, 'José Almeida', 'Entroncamento de Copenhaga', 1981-09-25, 'M', 'Engenheiro de Informática');
insert into PACIENTE values(60, 916409661, 'Matilde Almeida', 'Entroncamento de Londres', 1958-11-19, 'M', 'Gestor de Estados');
insert into PACIENTE values(61, 916412849, 'Francisca Pinheiro', 'Perfeitura de Granada', 1945-03-12, 'F', 'Engenheiro de Programas');
insert into PACIENTE values(62, 922010488, 'Afonso Gigante', 'Avenida de Londres', 1990-04-18, 'F', 'Professor de Programas');

insert into PESSOAaCONTACTAR values(63, 933763876, 'Júlia Basílico', 'Rua de Nova Iorque', 2012-04-05, 'O');
insert into PESSOAaCONTACTAR values(64, 930839188, 'Afonso Mercedes', 'Entroncamento de Paris', 1997-07-02, 'F');
insert into PESSOAaCONTACTAR values(65, 931167359, 'André Pereira', 'Perfeitura de Vila Nova', 2015-07-13, 'M');
insert into PESSOAaCONTACTAR values(66, 945341802, 'José Luís', 'Entroncamento de Londres', 1998-11-14, 'M');
insert into PESSOAaCONTACTAR values(67, 939183074, 'Ana Basílico', 'Rua de Marrocos', 1979-04-03, 'F');
insert into PESSOAaCONTACTAR values(68, 934732955, 'João Vieira', 'Rua de Matosinhos', 1996-09-11, 'M');
insert into PESSOAaCONTACTAR values(69, 940147162, 'José Barbosa', 'Rua de Granada', 1996-05-06, 'O');
insert into PESSOAaCONTACTAR values(70, 932219360, 'Bernardo Basílico', 'Avenida de Marrocos', 1990-10-27, 'F');
insert into PESSOAaCONTACTAR values(71, 939160029, 'Júlia Almeida', 'Avenida de Lisboa', 2017-05-12, 'M');
insert into PESSOAaCONTACTAR values(72, 932337402, 'Ana Luís', 'Bairro de Braga', 1964-10-25, 'O');
insert into PESSOAaCONTACTAR values(73, 936703020, 'Francisca Gigante', 'Bairro de Berlim', 1945-10-22, 'F');
insert into PESSOAaCONTACTAR values(74, 949761099, 'Ana Bianca', 'Entroncamento de Roma', 2012-10-21, 'M');
insert into PESSOAaCONTACTAR values(75, 938959491, 'Francisca Bianca', 'Avenida de Nova Iorque', 1966-11-27, 'F');
insert into PESSOAaCONTACTAR values(76, 939675176, 'Ana Vieira', 'Rua de Nova Iorque', 2008-06-10, 'O');
insert into PESSOAaCONTACTAR values(77, 943640322, 'Jorge Veiga', 'Bairro de Xangai', 1962-06-17, 'M');
insert into PESSOAaCONTACTAR values(78, 942283783, 'Afonso Basílico', 'Rua de Porto', 1993-05-19, 'M');

insert into COLABORADOR values(79, 960907863, 'Elisabete Mercedes', 'Perfeitura de Faro', 1990-10-08, 'M', 'Ajudante', null, null);
insert into COLABORADOR values(80, 969223623, 'Ricardo Abdul', 'Avenida de Lisboa', 2015-06-03, 'M', 'Sub-Chefe', null, null);
insert into COLABORADOR values(81, 968248288, 'Afonso Veiga', 'Avenida de Paris', 1977-05-06, 'O', 'Chefe', null, null);
insert into COLABORADOR values(82, 950945049, 'Matilde Peixe', 'Avenida de Londres', 1969-03-21, 'F', 'Sub-Chefe', null, null);
insert into COLABORADOR values(83, 966243427, 'André Guedes', 'Rua de Filadélfia', 2017-07-28, 'O', 'Ajudante', null, null);
insert into COLABORADOR values(84, 969794979, 'José Veiga', 'Bairro de Filadélfia', 1953-09-16, 'F', 'Ajudante', null, null);
insert into COLABORADOR values(85, 954111750, 'Joana Bianca', 'Bairro de Granada', 1965-05-19, 'O', 'Chefe', null, null);
insert into COLABORADOR values(86, 966668676, 'Angelo Vieira', 'Perfeitura de Matosinhos', 1965-01-13, 'F', 'Chefe', null, null);
insert into COLABORADOR values(87, 954651160, 'Francisca Vieira', 'Perfeitura de Osaka', 1962-06-13, 'O', 'Sub-Chefe', null, null);
insert into COLABORADOR values(88, 954560325, 'Afonso Gigante', 'Bairro de Turim', 2002-01-21, 'O', 'Sub-Chefe', null, null);
insert into COLABORADOR values(89, 960482548, 'Joana Araújo', 'Rua de Brasília', 1950-01-27, 'F', 'Interino', null, null);
insert into COLABORADOR values(90, 961559142, 'Anderson Moreira', 'Bairro de Madrid', 1991-03-06, 'O', 'Chefe', null, null);
insert into COLABORADOR values(91, 955636642, 'Júlia Basílico', 'Entroncamento de Xangai', 1964-12-17, 'F', 'Ajudante', null, null);
insert into COLABORADOR values(92, 955652842, 'José Peixe', 'Perfeitura de Osaka', 2002-10-15, 'O', 'Interino', null, null);
insert into COLABORADOR values(93, 957711855, 'Matilde Cavalheiro', 'Entroncamento de Xangai', 2012-05-21, 'F', 'Chefe', null, null);
insert into COLABORADOR values(94, 954352139, 'Jorge Abdul', 'Rua de Vila Nova', 1989-03-24, 'M', 'Ajudante', null, null);
insert into COLABORADOR values(95, 953945085, 'Pedro Mercedes', 'Avenida de Madrid', 2002-11-02, 'M', 'Sub-Chefe', null, null);
insert into COLABORADOR values(96, 954326474, 'André Pereira', 'Rua de Lisboa', 1985-08-19, 'F', 'Chefe', null, null);
insert into COLABORADOR values(97, 960928487, 'João Moreira', 'Bairro de Roma', 1995-03-17, 'M', 'Ajudante', null, null);
insert into COLABORADOR values(98, 958226703, 'Elisabete Guedes', 'Perfeitura de Berlim', 1962-07-19, 'O', 'Interino', null, null);
insert into COLABORADOR values(99, 952521642, 'Joana Barbosa', 'Avenida de Filadélfia', 1954-04-05, 'F', 'Interino', null, null);
insert into COLABORADOR values(100, 951747116, 'Paula Vieira', 'Perfeitura de Osaka', 2007-09-02, 'O', 'Ajudante', null, null);
insert into COLABORADOR values(101, 966705666, 'Bernardo Pinheiro', 'Avenida de Londres', 1991-01-20, 'O', 'Ajudante', null, null);
insert into COLABORADOR values(102, 966473992, 'Matilde Moreira', 'Rua de Lisboa', 1976-02-27, 'F', 'Sub-Chefe', null, null);
insert into COLABORADOR values(103, 958941256, 'Francisca Moreira', 'Avenida de Brasília', 1954-12-06, 'O', 'Sub-Chefe', null, null);
insert into COLABORADOR values(104, 964156304, 'Ana Peixe', 'Rua de Vila Nova', 1960-11-14, 'O', 'Sub-Chefe', null, null);
insert into COLABORADOR values(105, 960113873, 'Ricardo Luís', 'Entroncamento de Berlim', 1964-03-08, 'O', 'Chefe', null, null);
insert into COLABORADOR values(106, 956931476, 'José Basílico', 'Avenida de Roma', 2010-07-07, 'M', 'Sub-Chefe', null, null);
insert into COLABORADOR values(107, 953599926, 'Paulo Moreira', 'Perfeitura de Roma', 2009-07-17, 'M', 'Ajudante', null, null);
insert into COLABORADOR values(108, 966498079, 'Elisabete Silva', 'Entroncamento de Filadélfia', 1964-02-07, 'M', 'Interino', null, null);
insert into COLABORADOR values(109, 963978626, 'Juliano Guedes', 'Perfeitura de Londres', 1949-11-09, 'F', 'Chefe', null, null);
insert into COLABORADOR values(110, 951730400, 'Francisco Bianca', 'Entroncamento de Filadélfia', 1966-02-12, 'O', 'Ajudante', null, null);
insert into COLABORADOR values(111, 959762339, 'Ricardo Pinheiro', 'Perfeitura de Madrid', 1961-12-16, 'F', 'Chefe', null, null);
insert into COLABORADOR values(112, 956739940, 'Pedro Pereira', 'Avenida de Londres', 1945-06-14, 'F', 'Ajudante', null, null);
insert into COLABORADOR values(113, 969527722, 'Guilherme Pereira', 'Bairro de Paris', 1995-07-07, 'M', 'Ajudante', null, null);
insert into COLABORADOR values(114, 950764427, 'Júlia Bianca', 'Avenida de Paris', 1992-08-10, 'O', 'Sub-Chefe', null, null);
insert into COLABORADOR values(115, 965291010, 'Anabela Moreira', 'Avenida de Brasília', 1972-10-28, 'O', 'Sub-Chefe', null, null);
insert into COLABORADOR values(116, 966936593, 'Jorge Barbosa', 'Bairro de Roma', 1967-10-24, 'M', 'Ajudante', null, null);
insert into COLABORADOR values(117, 951831637, 'Júlia Gigante', 'Entroncamento de Roma', 1995-05-07, 'F', 'Sub-Chefe', null, null);

insert into COLABORADOR values(118, 952601415, 'Anderson Abdul', 'Perfeitura de Copenhaga', 1972-05-10, 'O', null, 'Torresmos', null);
insert into COLABORADOR values(119, 961656688, 'José Cavalheiro', 'Avenida de Granada', 1974-08-09, 'M', null, 'Camarão da Costa', null);
insert into COLABORADOR values(120, 969793012, 'José Pereira', 'Rua de Nova Iorque', 1988-06-28, 'O', null, 'Camarão da Costa', null);
insert into COLABORADOR values(121, 963958198, 'Guilherme Gigante', 'Perfeitura de Faro', 1966-04-13, 'M', null, 'Porco Assado', null);
insert into COLABORADOR values(122, 963552479, 'Anabela Vieira', 'Rua de Melbourne', 1957-01-20, 'O', null, 'Fígado de Cebolada', null);
insert into COLABORADOR values(123, 962451889, 'Angelo Araújo', 'Avenida de Osaka', 1993-12-16, 'M', null, 'Fígado de Cebolada', null);
insert into COLABORADOR values(124, 966447046, 'Pedro Abdul', 'Bairro de Paris', 1980-09-19, 'M', null, 'Fígado de Cebolada', null);
insert into COLABORADOR values(125, 968930716, 'Elisabete Bianca', 'Avenida de Lisboa', 1997-02-09, 'M', null, 'Porco Assado', null);
insert into COLABORADOR values(126, 961838110, 'Bernardo Mercedes', 'Bairro de Porto', 1954-07-01, 'O', null, 'Tripas à Moda do Porto', null);
insert into COLABORADOR values(127, 951101824, 'Ricardo Gigante', 'Bairro de Porto', 1953-07-13, 'F', null, 'Torresmos', null);
insert into COLABORADOR values(128, 957948989, 'José Barbosa', 'Rua de Berlim', 1968-04-27, 'O', null, 'Porco Assado', null);
insert into COLABORADOR values(129, 965380381, 'Ricardo Araújo', 'Perfeitura de Madrid', 1957-06-05, 'F', null, 'Camarão da Costa', null);
insert into COLABORADOR values(130, 955984436, 'Guilherme Barbosa', 'Perfeitura de Copenhaga', 1987-01-12, 'F', null, 'Tripas à Moda do Porto', null);
insert into COLABORADOR values(131, 954385551, 'Afonso Araújo', 'Bairro de Marrocos', 1952-05-24, 'M', null, 'Bacalhau com Broa', null);
insert into COLABORADOR values(132, 961741825, 'Anabela Mercedes', 'Avenida de Paris', 1993-04-03, 'M', null, 'Bacalhau com Broa', null);
insert into COLABORADOR values(133, 957977249, 'Anabela Vieira', 'Rua de Xangai', 2004-08-28, 'O', null, 'Fígado de Cebolada', null);
insert into COLABORADOR values(134, 961273960, 'José Bianca', 'Rua de Nova Iorque', 1989-09-14, 'O', null, 'Bacalhau com Broa', null);
insert into COLABORADOR values(135, 956349566, 'Francisca Veiga', 'Bairro de Melbourne', 1985-11-28, 'F', null, 'Tripas à Moda do Porto', null);
insert into COLABORADOR values(136, 963938723, 'Anabela Mercedes', 'Avenida de Londres', 1998-08-27, 'M', null, 'Torresmos', null);
insert into COLABORADOR values(137, 950066803, 'Paulo Luís', 'Perfeitura de Braga', 1984-08-18, 'F', null, 'Fígado de Cebolada', null);
insert into COLABORADOR values(138, 955995901, 'Francisco Bianca', 'Avenida de Londres', 2001-03-11, 'F', null, 'Porco Assado', null);
insert into COLABORADOR values(139, 965242566, 'Elisabete Veiga', 'Avenida de Porto', 1956-11-23, 'M', null, 'Bacalhau com Broa', null);
insert into COLABORADOR values(140, 960450010, 'Francisca Gigante', 'Rua de Filadélfia', 1960-07-02, 'M', null, 'Fígado de Cebolada', null);
insert into COLABORADOR values(141, 968848677, 'Jorge Almeida', 'Entroncamento de Braga', 1948-12-22, 'F', null, 'Tripas à Moda do Porto', null);
insert into COLABORADOR values(142, 962156968, 'Bernardo Vieira', 'Avenida de Xangai', 1992-08-28, 'O', null, 'Bacalhau com Broa', null);
insert into COLABORADOR values(143, 967455013, 'Angelo Pereira', 'Bairro de Londres', 1979-06-18, 'F', null, 'Fígado de Cebolada', null);
insert into COLABORADOR values(144, 953386934, 'Francisco Pinheiro', 'Rua de Xangai', 1958-09-11, 'F', null, 'Porco Assado', null);
insert into COLABORADOR values(145, 953649919, 'André Bianca', 'Avenida de Filadélfia', 1982-01-28, 'M', null, 'Porco Assado', null);
insert into COLABORADOR values(146, 969233133, 'Angelo Pinheiro', 'Avenida de Berlim', 1950-05-04, 'M', null, 'Bacalhau com Broa', null);
insert into COLABORADOR values(147, 966419163, 'Paula Luís', 'Entroncamento de Berlim', 1987-06-20, 'F', null, 'Bacalhau com Broa', null);
insert into COLABORADOR values(148, 965414535, 'Ricardo Vieira', 'Avenida de Melbourne', 1977-06-19, 'M', null, 'Tripas à Moda do Porto', null);
insert into COLABORADOR values(149, 961752492, 'André Mercedes', 'Bairro de Granada', 2000-07-08, 'O', null, 'Tripas à Moda do Porto', null);
insert into COLABORADOR values(150, 967554627, 'André Araújo', 'Bairro de Lisboa', 2001-11-28, 'M', null, 'Bacalhau com Broa', null);
insert into COLABORADOR values(151, 963158022, 'Anderson Pinheiro', 'Rua de Berlim', 1975-09-16, 'O', null, 'Porco Assado', null);
insert into COLABORADOR values(152, 968283295, 'Afonso Peixe', 'Rua de Londres', 1953-03-06, 'O', null, 'Fígado de Cebolada', null);
insert into COLABORADOR values(153, 969436606, 'André Vieira', 'Avenida de Roma', 1970-08-05, 'F', null, 'Bacalhau com Broa', null);
insert into COLABORADOR values(154, 968311118, 'Francisca Bianca', 'Entroncamento de Braga', 1988-02-16, 'M', null, 'Bacalhau com Broa', null);
insert into COLABORADOR values(155, 953073537, 'Afonso Guedes', 'Avenida de Vila Nova', 1949-04-20, 'F', null, 'Tripas à Moda do Porto', null);
insert into COLABORADOR values(156, 951561666, 'Juliano Araújo', 'Perfeitura de Osaka', 2014-05-12, 'O', null, 'Fígado de Cebolada', null);

insert into COLABORADOR values(157, 955575957, 'Paulo Peixe', 'Rua de Nova Iorque', 2002-09-14, 'F', null, null, 2);
insert into COLABORADOR values(158, 965319188, 'Júlia Veiga', 'Rua de Berlim', 1945-08-25, 'M', null, null, 2);
insert into COLABORADOR values(159, 965054282, 'Guilherme Guedes', 'Bairro de Madrid', 1966-03-09, 'M', null, null, 3);
insert into COLABORADOR values(160, 953834943, 'Francisca Bianca', 'Bairro de Melbourne', 1956-10-22, 'M', null, null, 1);
insert into COLABORADOR values(161, 967333369, 'Juliano Guedes', 'Entroncamento de Nova Iorque', 1952-08-03, 'M', null, null, 2);
insert into COLABORADOR values(162, 951676228, 'Juliano Peixe', 'Entroncamento de Matosinhos', 1982-10-12, 'F', null, null, 1);
insert into COLABORADOR values(163, 950290748, 'Anabela Veiga', 'Perfeitura de Matosinhos', 2004-01-19, 'O', null, null, 3);
insert into COLABORADOR values(164, 958540482, 'André Barbosa', 'Avenida de Xangai', 1950-04-28, 'O', null, null, 2);
insert into COLABORADOR values(165, 958494185, 'Elisabete Gigante', 'Avenida de Marrocos', 1989-04-27, 'M', null, null, 1);
insert into COLABORADOR values(166, 961250977, 'Paula Araújo', 'Rua de Roma', 2016-05-19, 'O', null, null, 4);
insert into COLABORADOR values(167, 961679912, 'Francisco Cavalheiro', 'Avenida de Berlim', 1974-10-10, 'M', null, null, 4);
insert into COLABORADOR values(168, 964725327, 'Matilde Cavalheiro', 'Bairro de Copenhaga', 2007-08-02, 'O', null, null, 5);
insert into COLABORADOR values(169, 969075195, 'Anabela Vieira', 'Perfeitura de Melbourne', 1954-09-12, 'F', null, null, 3);
insert into COLABORADOR values(170, 957987316, 'Guilherme Pereira', 'Rua de Lisboa', 1953-10-14, 'F', null, null, 5);
insert into COLABORADOR values(171, 963353688, 'Júlia Barbosa', 'Entroncamento de Xangai', 1992-10-07, 'O', null, null, 5);
insert into COLABORADOR values(172, 952147278, 'Joana Bianca', 'Perfeitura de Braga', 1947-03-01, 'M', null, null, 4);
insert into COLABORADOR values(173, 961074934, 'Matilde Moreira', 'Rua de Brasília', 1945-09-14, 'F', null, null, 1);
insert into COLABORADOR values(174, 956694753, 'Juliano Pereira', 'Rua de Matosinhos', 1983-11-05, 'M', null, null, 4);
insert into COLABORADOR values(175, 950011509, 'José Gigante', 'Entroncamento de Filadélfia', 1960-10-28, 'F', null, null, 6);
insert into COLABORADOR values(176, 954272055, 'Ricardo Almeida', 'Perfeitura de Matosinhos', 1956-05-03, 'M', null, null, 3);
insert into COLABORADOR values(177, 960119619, 'José Cavalheiro', 'Perfeitura de Porto', 1969-03-04, 'F', null, null, 6);
insert into COLABORADOR values(178, 956382629, 'Angelo Guedes', 'Avenida de Marrocos', 1971-03-28, 'O', null, null, 3);
insert into COLABORADOR values(179, 967687605, 'Paula Peixe', 'Rua de Xangai', 1986-02-27, 'O', null, null, 3);
insert into COLABORADOR values(180, 951596782, 'Francisco Veiga', 'Entroncamento de Berlim', 1954-12-13, 'F', null, null, 2);
insert into COLABORADOR values(181, 965234215, 'Joana Moreira', 'Perfeitura de Matosinhos', 1998-04-19, 'F', null, null, 6);
insert into COLABORADOR values(182, 954074366, 'Joana Mercedes', 'Avenida de Nova Iorque', 1960-05-02, 'F', null, null, 3);
insert into COLABORADOR values(183, 966928711, 'Júlia Almeida', 'Perfeitura de Porto', 1975-11-16, 'M', null, null, 4);
insert into COLABORADOR values(184, 953876638, 'José Abdul', 'Avenida de Lisboa', 1965-04-09, 'F', null, null, 6);
insert into COLABORADOR values(185, 950431705, 'Bernardo Cavalheiro', 'Perfeitura de Filadélfia', 1957-12-23, 'M', null, null, 1);
insert into COLABORADOR values(186, 969949083, 'João Barbosa', 'Perfeitura de Berlim', 1981-03-27, 'F', null, null, 4);
insert into COLABORADOR values(187, 953892053, 'Ricardo Almeida', 'Rua de Filadélfia', 1954-10-16, 'F', null, null, 4);
insert into COLABORADOR values(188, 959057352, 'Pedro Vieira', 'Perfeitura de Matosinhos', 1986-06-25, 'M', null, null, 4);
insert into COLABORADOR values(189, 964456130, 'Paula Araújo', 'Bairro de Filadélfia', 1973-06-23, 'F', null, null, 4);
insert into COLABORADOR values(190, 959772074, 'Ricardo Luís', 'Bairro de Porto', 2007-01-03, 'M', null, null, 1);
insert into COLABORADOR values(191, 958321200, 'Júlia Bianca', 'Rua de Londres', 1975-03-26, 'O', null, null, 1);
insert into COLABORADOR values(192, 952443345, 'Pedro Basílico', 'Perfeitura de Berlim', 2004-03-20, 'O', null, null, 1);
insert into COLABORADOR values(193, 960770895, 'Elisabete Moreira', 'Bairro de Paris', 1971-07-10, 'O', null, null, 5);
insert into COLABORADOR values(194, 956342036, 'Guilherme Mercedes', 'Rua de Faro', 1959-01-16, 'M', null, null, 3);
insert into COLABORADOR values(195, 967594191, 'Pedro Pereira', 'Perfeitura de Turim', 1971-03-18, 'O', null, null, 1);

insert into GRAUdePARENTESCO values(1, 73);
insert into GRAUdePARENTESCO values(2, 75);
insert into GRAUdePARENTESCO values(3, 66);
insert into GRAUdePARENTESCO values(4, 68);
insert into GRAUdePARENTESCO values(5, 64);
insert into GRAUdePARENTESCO values(6, 76);
insert into GRAUdePARENTESCO values(7, 76);
insert into GRAUdePARENTESCO values(8, 71);
insert into GRAUdePARENTESCO values(9, 70);
insert into GRAUdePARENTESCO values(10, 66);
insert into GRAUdePARENTESCO values(11, 67);
insert into GRAUdePARENTESCO values(12, 63);
insert into GRAUdePARENTESCO values(13, 77);
insert into GRAUdePARENTESCO values(14, 66);
insert into GRAUdePARENTESCO values(15, 74);
insert into GRAUdePARENTESCO values(16, 77);
insert into GRAUdePARENTESCO values(17, 72);
insert into GRAUdePARENTESCO values(18, 74);
insert into GRAUdePARENTESCO values(19, 73);
insert into GRAUdePARENTESCO values(20, 75);
insert into GRAUdePARENTESCO values(21, 66);
insert into GRAUdePARENTESCO values(22, 71);
insert into GRAUdePARENTESCO values(23, 71);
insert into GRAUdePARENTESCO values(24, 69);
insert into GRAUdePARENTESCO values(25, 71);
insert into GRAUdePARENTESCO values(26, 70);
insert into GRAUdePARENTESCO values(27, 77);
insert into GRAUdePARENTESCO values(28, 73);
insert into GRAUdePARENTESCO values(29, 77);
insert into GRAUdePARENTESCO values(30, 70);
insert into GRAUdePARENTESCO values(31, 75);
insert into GRAUdePARENTESCO values(32, 64);
insert into GRAUdePARENTESCO values(33, 74);
insert into GRAUdePARENTESCO values(34, 72);
insert into GRAUdePARENTESCO values(35, 72);
insert into GRAUdePARENTESCO values(36, 64);
insert into GRAUdePARENTESCO values(37, 77);
insert into GRAUdePARENTESCO values(38, 76);
insert into GRAUdePARENTESCO values(39, 76);
insert into GRAUdePARENTESCO values(40, 77);
insert into GRAUdePARENTESCO values(41, 72);
insert into GRAUdePARENTESCO values(42, 73);
insert into GRAUdePARENTESCO values(43, 72);
insert into GRAUdePARENTESCO values(44, 66);
insert into GRAUdePARENTESCO values(45, 78);
insert into GRAUdePARENTESCO values(46, 68);
insert into GRAUdePARENTESCO values(47, 67);
insert into GRAUdePARENTESCO values(48, 66);
insert into GRAUdePARENTESCO values(49, 74);
insert into GRAUdePARENTESCO values(50, 69);
insert into GRAUdePARENTESCO values(51, 77);
insert into GRAUdePARENTESCO values(52, 73);
insert into GRAUdePARENTESCO values(53, 70);
insert into GRAUdePARENTESCO values(54, 65);
insert into GRAUdePARENTESCO values(55, 71);
insert into GRAUdePARENTESCO values(56, 71);
insert into GRAUdePARENTESCO values(57, 65);
insert into GRAUdePARENTESCO values(58, 77);
insert into GRAUdePARENTESCO values(59, 64);
insert into GRAUdePARENTESCO values(60, 75);
insert into GRAUdePARENTESCO values(61, 67);
insert into GRAUdePARENTESCO values(62, 69);

insert into PacienteSegurosPatologia values(1, 5, 31);
insert into PacienteSegurosPatologia values(2, 6, 6);
insert into PacienteSegurosPatologia values(3, 2, 15);
insert into PacienteSegurosPatologia values(4, 12, 22);
insert into PacienteSegurosPatologia values(5, 1, 21);
insert into PacienteSegurosPatologia values(6, 10, 25);
insert into PacienteSegurosPatologia values(7, 11, 28);
insert into PacienteSegurosPatologia values(8, 11, 18);
insert into PacienteSegurosPatologia values(9, 2, 25);
insert into PacienteSegurosPatologia values(10, 4, 24);
insert into PacienteSegurosPatologia values(11, 6, 7);
insert into PacienteSegurosPatologia values(12, 9, 35);
insert into PacienteSegurosPatologia values(13, 7, 35);
insert into PacienteSegurosPatologia values(14, 1, 23);
insert into PacienteSegurosPatologia values(15, 12, 34);
insert into PacienteSegurosPatologia values(16, 12, 16);
insert into PacienteSegurosPatologia values(17, 11, 2);
insert into PacienteSegurosPatologia values(18, 3, 14);
insert into PacienteSegurosPatologia values(19, 12, 34);
insert into PacienteSegurosPatologia values(20, 4, 8);
insert into PacienteSegurosPatologia values(21, 12, 22);
insert into PacienteSegurosPatologia values(22, 2, 36);
insert into PacienteSegurosPatologia values(23, 8, 28);
insert into PacienteSegurosPatologia values(24, 7, 32);
insert into PacienteSegurosPatologia values(25, 10, 18);
insert into PacienteSegurosPatologia values(26, 4, 8);
insert into PacienteSegurosPatologia values(27, 8, 18);
insert into PacienteSegurosPatologia values(28, 6, 7);
insert into PacienteSegurosPatologia values(29, 9, 8);
insert into PacienteSegurosPatologia values(30, 5, 17);
insert into PacienteSegurosPatologia values(31, 12, 17);
insert into PacienteSegurosPatologia values(32, 4, 35);
insert into PacienteSegurosPatologia values(33, 12, 14);
insert into PacienteSegurosPatologia values(34, 8, 4);
insert into PacienteSegurosPatologia values(35, 11, 23);
insert into PacienteSegurosPatologia values(36, 12, 19);
insert into PacienteSegurosPatologia values(37, 10, 28);
insert into PacienteSegurosPatologia values(38, 8, 32);
insert into PacienteSegurosPatologia values(39, 1, 30);
insert into PacienteSegurosPatologia values(40, 9, 26);
insert into PacienteSegurosPatologia values(41, 2, 8);
insert into PacienteSegurosPatologia values(42, 9, 35);
insert into PacienteSegurosPatologia values(43, 8, 17);
insert into PacienteSegurosPatologia values(44, 4, 1);
insert into PacienteSegurosPatologia values(45, 6, 2);
insert into PacienteSegurosPatologia values(46, 5, 29);
insert into PacienteSegurosPatologia values(47, 2, 34);
insert into PacienteSegurosPatologia values(48, 2, 27);
insert into PacienteSegurosPatologia values(49, 6, 12);
insert into PacienteSegurosPatologia values(50, 4, 24);
insert into PacienteSegurosPatologia values(51, 12, 29);
insert into PacienteSegurosPatologia values(52, 7, 5);
insert into PacienteSegurosPatologia values(53, 7, 39);
insert into PacienteSegurosPatologia values(54, 2, 37);
insert into PacienteSegurosPatologia values(55, 10, 34);
insert into PacienteSegurosPatologia values(56, 12, 23);
insert into PacienteSegurosPatologia values(57, 1, 33);
insert into PacienteSegurosPatologia values(58, 10, 33);
insert into PacienteSegurosPatologia values(59, 2, 22);
insert into PacienteSegurosPatologia values(60, 10, 13);
insert into PacienteSegurosPatologia values(61, 12, 37);
insert into PacienteSegurosPatologia values(62, 5, 4);

insert into DATAdeNASCIMENTO values('1945-03-12', 76);
insert into DATAdeNASCIMENTO values('1945-06-14', 76);
insert into DATAdeNASCIMENTO values('1945-08-25', 76);
insert into DATAdeNASCIMENTO values('1945-09-14', 76);
insert into DATAdeNASCIMENTO values('1945-10-22', 76);
insert into DATAdeNASCIMENTO values('1945-10-23', 76);
insert into DATAdeNASCIMENTO values('1946-03-04', 75);
insert into DATAdeNASCIMENTO values('1947-01-01', 74);
insert into DATAdeNASCIMENTO values('1947-03-01', 74);
insert into DATAdeNASCIMENTO values('1947-06-15', 74);
insert into DATAdeNASCIMENTO values('1948-12-22', 73);
insert into DATAdeNASCIMENTO values('1949-04-20', 72);
insert into DATAdeNASCIMENTO values('1949-05-15', 72);
insert into DATAdeNASCIMENTO values('1949-11-09', 72);
insert into DATAdeNASCIMENTO values('1950-01-27', 71);
insert into DATAdeNASCIMENTO values('1950-02-23', 71);
insert into DATAdeNASCIMENTO values('1950-04-28', 71);
insert into DATAdeNASCIMENTO values('1950-05-04', 71);
insert into DATAdeNASCIMENTO values('1952-05-24', 69);
insert into DATAdeNASCIMENTO values('1952-08-03', 69);
insert into DATAdeNASCIMENTO values('1953-03-06', 68);
insert into DATAdeNASCIMENTO values('1953-06-06', 68);
insert into DATAdeNASCIMENTO values('1953-07-13', 68);
insert into DATAdeNASCIMENTO values('1953-09-16', 68);
insert into DATAdeNASCIMENTO values('1953-09-22', 68);
insert into DATAdeNASCIMENTO values('1953-10-14', 68);
insert into DATAdeNASCIMENTO values('1954-04-05', 67);
insert into DATAdeNASCIMENTO values('1954-07-01', 67);
insert into DATAdeNASCIMENTO values('1954-08-16', 67);
insert into DATAdeNASCIMENTO values('1954-09-05', 67);
insert into DATAdeNASCIMENTO values('1954-09-12', 67);
insert into DATAdeNASCIMENTO values('1954-10-16', 67);
insert into DATAdeNASCIMENTO values('1954-12-06', 67);
insert into DATAdeNASCIMENTO values('1954-12-13', 67);
insert into DATAdeNASCIMENTO values('1955-03-15', 66);
insert into DATAdeNASCIMENTO values('1955-12-01', 66);
insert into DATAdeNASCIMENTO values('1956-05-03', 65);
insert into DATAdeNASCIMENTO values('1956-10-22', 65);
insert into DATAdeNASCIMENTO values('1956-11-23', 65);
insert into DATAdeNASCIMENTO values('1957-01-20', 64);
insert into DATAdeNASCIMENTO values('1957-06-05', 64);
insert into DATAdeNASCIMENTO values('1957-07-15', 64);
insert into DATAdeNASCIMENTO values('1957-12-23', 64);
insert into DATAdeNASCIMENTO values('1958-09-11', 63);
insert into DATAdeNASCIMENTO values('1958-11-19', 63);
insert into DATAdeNASCIMENTO values('1959-01-16', 62);
insert into DATAdeNASCIMENTO values('1960-04-04', 61);
insert into DATAdeNASCIMENTO values('1960-05-02', 61);
insert into DATAdeNASCIMENTO values('1960-07-02', 61);
insert into DATAdeNASCIMENTO values('1960-09-14', 61);
insert into DATAdeNASCIMENTO values('1960-10-28', 61);
insert into DATAdeNASCIMENTO values('1960-11-14', 61);
insert into DATAdeNASCIMENTO values('1961-12-16', 60);
insert into DATAdeNASCIMENTO values('1962-03-10', 59);
insert into DATAdeNASCIMENTO values('1962-06-13', 59);
insert into DATAdeNASCIMENTO values('1962-06-17', 59);
insert into DATAdeNASCIMENTO values('1962-07-19', 59);
insert into DATAdeNASCIMENTO values('1962-10-22', 59);
insert into DATAdeNASCIMENTO values('1963-05-21', 58);
insert into DATAdeNASCIMENTO values('1964-01-12', 57);
insert into DATAdeNASCIMENTO values('1964-02-07', 57);
insert into DATAdeNASCIMENTO values('1964-03-08', 57);
insert into DATAdeNASCIMENTO values('1964-10-25', 57);
insert into DATAdeNASCIMENTO values('1964-12-17', 57);
insert into DATAdeNASCIMENTO values('1965-01-13', 56);
insert into DATAdeNASCIMENTO values('1965-04-09', 56);
insert into DATAdeNASCIMENTO values('1965-05-19', 56);
insert into DATAdeNASCIMENTO values('1965-11-03', 56);
insert into DATAdeNASCIMENTO values('1966-02-12', 55);
insert into DATAdeNASCIMENTO values('1966-02-22', 55);
insert into DATAdeNASCIMENTO values('1966-03-09', 55);
insert into DATAdeNASCIMENTO values('1966-04-13', 55);
insert into DATAdeNASCIMENTO values('1966-05-04', 55);
insert into DATAdeNASCIMENTO values('1966-05-07', 55);
insert into DATAdeNASCIMENTO values('1966-11-27', 55);
insert into DATAdeNASCIMENTO values('1967-03-07', 54);
insert into DATAdeNASCIMENTO values('1967-07-09', 54);
insert into DATAdeNASCIMENTO values('1967-09-08', 54);
insert into DATAdeNASCIMENTO values('1967-10-24', 54);
insert into DATAdeNASCIMENTO values('1968-04-27', 53);
insert into DATAdeNASCIMENTO values('1969-03-04', 52);
insert into DATAdeNASCIMENTO values('1969-03-21', 52);
insert into DATAdeNASCIMENTO values('1969-11-26', 52);
insert into DATAdeNASCIMENTO values('1970-03-26', 51);
insert into DATAdeNASCIMENTO values('1970-08-05', 51);
insert into DATAdeNASCIMENTO values('1971-03-18', 50);
insert into DATAdeNASCIMENTO values('1971-03-28', 50);
insert into DATAdeNASCIMENTO values('1971-06-01', 50);
insert into DATAdeNASCIMENTO values('1971-06-08', 50);
insert into DATAdeNASCIMENTO values('1971-07-10', 50);
insert into DATAdeNASCIMENTO values('1971-08-24', 50);
insert into DATAdeNASCIMENTO values('1972-03-09', 49);
insert into DATAdeNASCIMENTO values('1972-05-10', 49);
insert into DATAdeNASCIMENTO values('1972-10-28', 49);
insert into DATAdeNASCIMENTO values('1973-03-11', 48);
insert into DATAdeNASCIMENTO values('1973-03-18', 48);
insert into DATAdeNASCIMENTO values('1973-06-23', 48);
insert into DATAdeNASCIMENTO values('1973-08-16', 48);
insert into DATAdeNASCIMENTO values('1974-08-09', 47);
insert into DATAdeNASCIMENTO values('1974-10-10', 47);
insert into DATAdeNASCIMENTO values('1975-03-26', 46);
insert into DATAdeNASCIMENTO values('1975-09-16', 46);
insert into DATAdeNASCIMENTO values('1975-11-16', 46);
insert into DATAdeNASCIMENTO values('1976-02-27', 45);
insert into DATAdeNASCIMENTO values('1977-02-14', 44);
insert into DATAdeNASCIMENTO values('1977-05-06', 44);
insert into DATAdeNASCIMENTO values('1977-06-19', 44);
insert into DATAdeNASCIMENTO values('1978-02-14', 43);
insert into DATAdeNASCIMENTO values('1978-10-26', 43);
insert into DATAdeNASCIMENTO values('1979-04-03', 42);
insert into DATAdeNASCIMENTO values('1979-06-18', 42);
insert into DATAdeNASCIMENTO values('1980-09-19', 41);
insert into DATAdeNASCIMENTO values('1981-02-15', 40);
insert into DATAdeNASCIMENTO values('1981-03-05', 40);
insert into DATAdeNASCIMENTO values('1981-03-27', 40);
insert into DATAdeNASCIMENTO values('1981-05-04', 40);
insert into DATAdeNASCIMENTO values('1981-09-25', 40);
insert into DATAdeNASCIMENTO values('1982-01-28', 39);
insert into DATAdeNASCIMENTO values('1982-05-08', 39);
insert into DATAdeNASCIMENTO values('1982-10-12', 39);
insert into DATAdeNASCIMENTO values('1983-05-02', 38);
insert into DATAdeNASCIMENTO values('1983-11-05', 38);
insert into DATAdeNASCIMENTO values('1984-08-18', 37);
insert into DATAdeNASCIMENTO values('1985-07-13', 36);
insert into DATAdeNASCIMENTO values('1985-08-19', 36);
insert into DATAdeNASCIMENTO values('1985-11-28', 36);
insert into DATAdeNASCIMENTO values('1986-02-27', 35);
insert into DATAdeNASCIMENTO values('1986-06-25', 35);
insert into DATAdeNASCIMENTO values('1987-01-12', 34);
insert into DATAdeNASCIMENTO values('1987-06-20', 34);
insert into DATAdeNASCIMENTO values('1988-02-16', 33);
insert into DATAdeNASCIMENTO values('1988-06-28', 33);
insert into DATAdeNASCIMENTO values('1989-01-28', 32);
insert into DATAdeNASCIMENTO values('1989-03-24', 32);
insert into DATAdeNASCIMENTO values('1989-04-27', 32);
insert into DATAdeNASCIMENTO values('1989-09-14', 32);
insert into DATAdeNASCIMENTO values('1990-04-18', 31);
insert into DATAdeNASCIMENTO values('1990-10-08', 31);
insert into DATAdeNASCIMENTO values('1990-10-27', 31);
insert into DATAdeNASCIMENTO values('1991-01-20', 30);
insert into DATAdeNASCIMENTO values('1991-03-06', 30);
insert into DATAdeNASCIMENTO values('1991-08-14', 30);
insert into DATAdeNASCIMENTO values('1992-08-10', 29);
insert into DATAdeNASCIMENTO values('1992-08-12', 29);
insert into DATAdeNASCIMENTO values('1992-08-28', 29);
insert into DATAdeNASCIMENTO values('1992-10-07', 29);
insert into DATAdeNASCIMENTO values('1993-04-03', 28);
insert into DATAdeNASCIMENTO values('1993-05-19', 28);
insert into DATAdeNASCIMENTO values('1993-12-16', 28);
insert into DATAdeNASCIMENTO values('1995-03-17', 26);
insert into DATAdeNASCIMENTO values('1995-05-07', 26);
insert into DATAdeNASCIMENTO values('1995-07-07', 26);
insert into DATAdeNASCIMENTO values('1996-05-06', 25);
insert into DATAdeNASCIMENTO values('1996-09-11', 25);
insert into DATAdeNASCIMENTO values('1997-02-09', 24);
insert into DATAdeNASCIMENTO values('1997-07-02', 24);
insert into DATAdeNASCIMENTO values('1997-10-04', 24);
insert into DATAdeNASCIMENTO values('1998-04-19', 23);
insert into DATAdeNASCIMENTO values('1998-05-03', 23);
insert into DATAdeNASCIMENTO values('1998-08-27', 23);
insert into DATAdeNASCIMENTO values('1998-11-14', 23);
insert into DATAdeNASCIMENTO values('1999-06-05', 22);
insert into DATAdeNASCIMENTO values('2000-07-08', 21);
insert into DATAdeNASCIMENTO values('2001-03-11', 20);
insert into DATAdeNASCIMENTO values('2001-04-26', 20);
insert into DATAdeNASCIMENTO values('2001-11-28', 20);
insert into DATAdeNASCIMENTO values('2002-01-21', 19);
insert into DATAdeNASCIMENTO values('2002-09-14', 19);
insert into DATAdeNASCIMENTO values('2002-10-15', 19);
insert into DATAdeNASCIMENTO values('2002-11-02', 19);
insert into DATAdeNASCIMENTO values('2004-01-19', 17);
insert into DATAdeNASCIMENTO values('2004-03-20', 17);
insert into DATAdeNASCIMENTO values('2004-08-21', 17);
insert into DATAdeNASCIMENTO values('2004-08-28', 17);
insert into DATAdeNASCIMENTO values('2006-10-18', 15);
insert into DATAdeNASCIMENTO values('2007-01-03', 14);
insert into DATAdeNASCIMENTO values('2007-06-22', 14);
insert into DATAdeNASCIMENTO values('2007-08-02', 14);
insert into DATAdeNASCIMENTO values('2007-09-02', 14);
insert into DATAdeNASCIMENTO values('2008-06-10', 13);
insert into DATAdeNASCIMENTO values('2009-07-17', 12);
insert into DATAdeNASCIMENTO values('2010-07-07', 11);
insert into DATAdeNASCIMENTO values('2011-01-27', 10);
insert into DATAdeNASCIMENTO values('2012-04-05', 9);
insert into DATAdeNASCIMENTO values('2012-05-21', 9);
insert into DATAdeNASCIMENTO values('2012-10-21', 9);
insert into DATAdeNASCIMENTO values('2013-02-17', 8);
insert into DATAdeNASCIMENTO values('2014-05-12', 7);
insert into DATAdeNASCIMENTO values('2015-06-03', 6);
insert into DATAdeNASCIMENTO values('2015-07-13', 6);
insert into DATAdeNASCIMENTO values('2016-05-19', 5);
insert into DATAdeNASCIMENTO values('2016-06-12', 5);
insert into DATAdeNASCIMENTO values('2017-05-12', 4);
insert into DATAdeNASCIMENTO values('2017-07-28', 4);

insert into TRATA values(1, 160, 'Ureteroscopia');
insert into TRATA values(1, 162, 'Ureteroscopia');
insert into TRATA values(1, 165, 'Ureteroscopia');
insert into TRATA values(1, 173, 'Ureteroscopia');
insert into TRATA values(1, 185, 'Ureteroscopia');
insert into TRATA values(1, 190, 'Ureteroscopia');
insert into TRATA values(1, 191, 'Ureteroscopia');
insert into TRATA values(1, 192, 'Ureteroscopia');
insert into TRATA values(1, 195, 'Ureteroscopia');
insert into TRATA values(2, 160, 'Aparelho Fixo');
insert into TRATA values(2, 162, 'Aparelho Fixo');
insert into TRATA values(2, 165, 'Aparelho Fixo');
insert into TRATA values(2, 173, 'Aparelho Fixo');
insert into TRATA values(2, 185, 'Aparelho Fixo');
insert into TRATA values(2, 190, 'Aparelho Fixo');
insert into TRATA values(2, 191, 'Aparelho Fixo');
insert into TRATA values(2, 192, 'Aparelho Fixo');
insert into TRATA values(2, 195, 'Aparelho Fixo');
insert into TRATA values(3, 157, 'Gel Dentífrico');
insert into TRATA values(3, 158, 'Gel Dentífrico');
insert into TRATA values(3, 161, 'Gel Dentífrico');
insert into TRATA values(3, 164, 'Gel Dentífrico');
insert into TRATA values(3, 180, 'Gel Dentífrico');
insert into TRATA values(4, 157, 'Benuron');
insert into TRATA values(4, 158, 'Benuron');
insert into TRATA values(4, 161, 'Benuron');
insert into TRATA values(4, 164, 'Benuron');
insert into TRATA values(4, 180, 'Benuron');
insert into TRATA values(5, 159, 'Brufen');
insert into TRATA values(5, 163, 'Brufen');
insert into TRATA values(5, 169, 'Brufen');
insert into TRATA values(5, 176, 'Brufen');
insert into TRATA values(5, 178, 'Brufen');
insert into TRATA values(5, 179, 'Brufen');
insert into TRATA values(5, 182, 'Brufen');
insert into TRATA values(5, 194, 'Brufen');
insert into TRATA values(6, 159, 'Strepfen');
insert into TRATA values(6, 163, 'Strepfen');
insert into TRATA values(6, 169, 'Strepfen');
insert into TRATA values(6, 176, 'Strepfen');
insert into TRATA values(6, 178, 'Strepfen');
insert into TRATA values(6, 179, 'Strepfen');
insert into TRATA values(6, 182, 'Strepfen');
insert into TRATA values(6, 194, 'Strepfen');
insert into TRATA values(7, 166, 'Vacinação');
insert into TRATA values(7, 167, 'Vacinação');
insert into TRATA values(7, 172, 'Vacinação');
insert into TRATA values(7, 174, 'Vacinação');
insert into TRATA values(7, 183, 'Vacinação');
insert into TRATA values(7, 186, 'Vacinação');
insert into TRATA values(7, 187, 'Vacinação');
insert into TRATA values(7, 188, 'Vacinação');
insert into TRATA values(7, 189, 'Vacinação');
insert into TRATA values(8, 166, 'Cirurgia');
insert into TRATA values(8, 167, 'Cirurgia');
insert into TRATA values(8, 172, 'Cirurgia');
insert into TRATA values(8, 174, 'Cirurgia');
insert into TRATA values(8, 183, 'Cirurgia');
insert into TRATA values(8, 186, 'Cirurgia');
insert into TRATA values(8, 187, 'Cirurgia');
insert into TRATA values(8, 188, 'Cirurgia');
insert into TRATA values(8, 189, 'Cirurgia');
insert into TRATA values(9, 168, 'Cirurgia');
insert into TRATA values(9, 170, 'Cirurgia');
insert into TRATA values(9, 171, 'Cirurgia');
insert into TRATA values(9, 193, 'Cirurgia');
insert into TRATA values(10, 168, 'Cirurgia');
insert into TRATA values(10, 170, 'Cirurgia');
insert into TRATA values(10, 171, 'Cirurgia');
insert into TRATA values(10, 193, 'Cirurgia');
insert into TRATA values(11, 175, 'Cirurgia');
insert into TRATA values(11, 177, 'Cirurgia');
insert into TRATA values(11, 181, 'Cirurgia');
insert into TRATA values(11, 184, 'Cirurgia');
insert into TRATA values(12, 175, 'Beber Água');
insert into TRATA values(12, 177, 'Beber Água');
insert into TRATA values(12, 181, 'Beber Água');
insert into TRATA values(12, 184, 'Beber Água');

insert into AGENDA values(1, '13:00', '18:00', '2022-01-20', 'Piso 0', 1, null);
insert into AGENDA values(2, '14:00', '14:30', '2022-02-10', 'Piso 1', 2, null);
insert into AGENDA values(3, '20:00', '22:00', '2022-03-01', 'Piso 2', 3, null);
insert into AGENDA values(4, '16:00', '19:30', '2022-04-28', 'Piso 3', 4, null);
insert into AGENDA values(5, '13:00', '14:00', '2022-10-12', 'Lab 02', null, 184);
insert into AGENDA values(6, '13:30', '14:00', '2022-05-09', 'Cozinha', null, 130);
insert into AGENDA values(7, '17:00', '19:00', '2022-06-04', 'Lab 01', null, 186);
insert into AGENDA values(8, '16:15', '20:00', '2022-07-04', 'Piso 0', 1, null);
insert into AGENDA values(9, '21:00', '22:00', '2022-08-03', 'Piso 2', 10, null);
insert into AGENDA values(10, '19:45', '20:00', '2022-09-01', 'Sala 1', 30, null);
insert into AGENDA values(11, '19:00', '20:00', '2022-09-02', 'Sala 2', 1, null);
insert into AGENDA values(12, '14:00', '15:00', '2022-02-03', 'Setor 3', null, 99);
insert into AGENDA values(13, '08:00', '14:00', '2022-03-03', 'Piso 0', 4, null);
insert into AGENDA values(14, '11:00', '14:00', '2022-02-03', 'Piso 2', 6, null);
insert into AGENDA values(15, '10:30', '14:00', '2022-06-04', 'Piso 3', 11, null);
insert into AGENDA values(16, '14:00', '15:15', '2022-10-10', 'Piso 1', 36, null);
insert into AGENDA values(17, '17:00', '17:35', '2022-02-20', 'Piso 0', 1, null);
insert into AGENDA values(18, '09:00', '14:00', '2022-02-01', 'Lab 02', 12, null);
insert into AGENDA values(19, '11:00', '14:00', '2022-03-02', 'Cozinha', null, 131);
insert into AGENDA values(20, '17:30', '19:00', '2022-04-03', 'Bloco', null, 190);
insert into AGENDA values(21, '15:00', '16:00', '2022-05-04', 'Setor 2', null, 100);
insert into AGENDA values(22, '19:10', '20:00', '2022-06-05', 'Piso 0', 17, null);
