PRAGMA foreign_keys = on;

insert into ESPECIALIDADE values(1, 'Urologia');
insert into ESPECIALIDADE values(2, 'Estomatologia');
insert into ESPECIALIDADE values(3, 'Pediatria');
insert into ESPECIALIDADE values(4, 'Medicina Geral');
insert into ESPECIALIDADE values(5, 'Fisioterapia');
insert into ESPECIALIDADE values(6, 'Osteopatia');

insert into PATOLOGIA values(1, 'Pedra nos Rins');
insert into PATOLOGIA values(2, 'Ortodontia');
insert into PATOLOGIA values(3, 'Branqueamento');
insert into PATOLOGIA values(4, 'Gripe');
insert into PATOLOGIA values(5, 'Febre');
insert into PATOLOGIA values(6, 'Tosse');
insert into PATOLOGIA values(7, 'Covid-19');
insert into PATOLOGIA values(8, 'Anca');
insert into PATOLOGIA values(9, 'Joelho');
insert into PATOLOGIA values(10, 'Femur');
insert into PATOLOGIA values(11, 'Costela');
insert into PATOLOGIA values(12, 'Infeção Urinária');

insert into SEGUROSdeSAUDE values(1, 'AXA', 2028-05-26);
insert into SEGUROSdeSAUDE values(2, 'AXA', 2023-08-27);
insert into SEGUROSdeSAUDE values(3, 'Servicos Sociais', 2029-03-10);
insert into SEGUROSdeSAUDE values(4, 'Servicos Sociais', 2028-05-27);
insert into SEGUROSdeSAUDE values(5, 'Multicare', 2027-09-24);
insert into SEGUROSdeSAUDE values(6, 'AXA', 2026-11-22);
insert into SEGUROSdeSAUDE values(7, 'Multicare', 2025-04-21);
insert into SEGUROSdeSAUDE values(8, 'Servicos Sociais', 2024-04-13);
insert into SEGUROSdeSAUDE values(9, 'Liberty', 2024-02-24);
insert into SEGUROSdeSAUDE values(10, 'Servicos Sociais', 2026-09-08);
insert into SEGUROSdeSAUDE values(11, 'AXA', 2029-11-01);
insert into SEGUROSdeSAUDE values(12, 'Servicos Sociais', 2026-12-28);
insert into SEGUROSdeSAUDE values(13, 'Servicos Sociais', 2024-05-12);
insert into SEGUROSdeSAUDE values(14, 'Multicare', 2027-10-04);
insert into SEGUROSdeSAUDE values(15, 'Servicos Sociais', 2027-04-04);
insert into SEGUROSdeSAUDE values(16, 'Multicare', 2028-11-28);
insert into SEGUROSdeSAUDE values(17, 'Servicos Sociais', 2023-06-26);
insert into SEGUROSdeSAUDE values(18, 'Liberty', 2026-03-23);
insert into SEGUROSdeSAUDE values(19, 'Multicare', 2023-05-14);
insert into SEGUROSdeSAUDE values(20, 'AXA', 2024-12-20);
insert into SEGUROSdeSAUDE values(21, 'Servicos Sociais', 2029-01-07);
insert into SEGUROSdeSAUDE values(22, 'Servicos Sociais', 2024-01-16);
insert into SEGUROSdeSAUDE values(23, 'AXA', 2023-03-25);
insert into SEGUROSdeSAUDE values(24, 'Servicos Sociais', 2023-02-01);
insert into SEGUROSdeSAUDE values(25, 'Servicos Sociais', 2028-12-04);
insert into SEGUROSdeSAUDE values(26, 'AXA', 2028-10-19);
insert into SEGUROSdeSAUDE values(27, 'Liberty', 2026-02-15);
insert into SEGUROSdeSAUDE values(28, 'Liberty', 2024-01-12);
insert into SEGUROSdeSAUDE values(29, 'Servicos Sociais', 2027-08-26);
insert into SEGUROSdeSAUDE values(30, 'Multicare', 2026-06-25);
insert into SEGUROSdeSAUDE values(31, 'AXA', 2023-09-23);
insert into SEGUROSdeSAUDE values(32, 'Liberty', 2028-08-01);
insert into SEGUROSdeSAUDE values(33, 'Multicare', 2022-10-02);
insert into SEGUROSdeSAUDE values(34, 'Servicos Sociais', 2027-06-16);
insert into SEGUROSdeSAUDE values(35, 'Multicare', 2023-09-13);
insert into SEGUROSdeSAUDE values(36, 'Liberty', 2027-01-17);
insert into SEGUROSdeSAUDE values(37, 'AXA', 2026-09-16);
insert into SEGUROSdeSAUDE values(38, 'Multicare', 2026-09-20);
insert into SEGUROSdeSAUDE values(39, 'Servicos Sociais', 2026-08-03);

insert into PACIENTE values(1, 913256376, 'Matilde Barbosa', 'Rua de Madrid', 2016-04-11, 'O', 'Advogado de Programas');
insert into PACIENTE values(2, 918428203, 'Juliano Vieira', 'Rua de Brasília', 2011-03-12, 'M', 'Advogado de Estados');
insert into PACIENTE values(3, 927936562, 'Afonso Luís', 'Entroncamento de Marrocos', 1989-07-11, 'F', 'Advogado de Contas');
insert into PACIENTE values(4, 922723937, 'Francisco Guedes', 'Avenida de Copenhaga', 1975-01-16, 'O', 'Contabilista de Programas');
insert into PACIENTE values(5, 910958427, 'Paula Silva', 'Bairro de Nova Iorque', 1960-12-13, 'O', 'Professor de Programas');
insert into PACIENTE values(6, 929765756, 'Anabela Almeida', 'Perfeitura de Roma', 1988-06-20, 'O', 'Gestor de Estados');
insert into PACIENTE values(7, 910209119, 'Joana Vieira', 'Bairro de Granada', 1955-05-15, 'O', 'Doutor de Contas');
insert into PACIENTE values(8, 919990397, 'Elisabete Silva', 'Avenida de Matosinhos', 1978-09-13, 'F', 'Advogado de Sistemas');
insert into PACIENTE values(9, 918051135, 'Paulo Basílico', 'Perfeitura de Turim', 1984-01-15, 'M', 'Secretário de Programas');
insert into PACIENTE values(10, 925554517, 'Angelo Barbosa', 'Avenida de Matosinhos', 1974-11-08, 'F', 'Gestor de Informática');
insert into PACIENTE values(11, 923332002, 'Elisabete Abdul', 'Entroncamento de Copenhaga', 1996-03-19, 'F', 'Gestor de Estados');
insert into PACIENTE values(12, 918862915, 'Júlia Guedes', 'Avenida de Nova Iorque', 2001-11-27, 'M', 'Professor de Estados');
insert into PACIENTE values(13, 927586338, 'Ana Peixe', 'Entroncamento de Osaka', 2000-07-12, 'O', 'Doutor de Contas');
insert into PACIENTE values(14, 922686227, 'Ricardo Luís', 'Rua de Brasília', 1981-07-01, 'O', 'Professor de Informática');
insert into PACIENTE values(15, 921226655, 'Pedro Mercedes', 'Avenida de Vila Nova', 2001-04-23, 'F', 'Doutor de Estados');
insert into PACIENTE values(16, 926694043, 'João Silva', 'Bairro de Braga', 2000-10-25, 'F', 'Secretário de Programas');
insert into PACIENTE values(17, 926090552, 'Ana Veiga', 'Rua de Vila Nova', 1989-11-28, 'M', 'Professor de Sistemas');
insert into PACIENTE values(18, 918211434, 'José Almeida', 'Bairro de Granada', 1970-05-08, 'M', 'Advogado de Programas');
insert into PACIENTE values(19, 921997883, 'Anderson Gigante', 'Rua de Berlim', 1962-05-19, 'F', 'Gestor de Estados');
insert into PACIENTE values(20, 922714429, 'Jorge Peixe', 'Entroncamento de Porto', 2000-06-26, 'F', 'Engenheiro de Sistemas');
insert into PACIENTE values(21, 910259489, 'André Araújo', 'Entroncamento de Brasília', 1996-09-11, 'O', 'Advogado de Sistemas');
insert into PACIENTE values(22, 923925361, 'Joana Almeida', 'Perfeitura de Roma', 1967-02-06, 'O', 'Contabilista de Civil');
insert into PACIENTE values(23, 914027221, 'Afonso Guedes', 'Entroncamento de Braga', 1961-07-15, 'O', 'Advogado de Programas');
insert into PACIENTE values(24, 922530257, 'Angelo Pereira', 'Avenida de Braga', 1979-11-13, 'F', 'Doutor de Sistemas');
insert into PACIENTE values(25, 929679752, 'Paulo Vieira', 'Bairro de Faro', 1969-10-07, 'M', 'Professor de Contas');
insert into PACIENTE values(26, 922215164, 'Bernardo Pereira', 'Rua de Brasília', 1991-04-26, 'F', 'Engenheiro de Sistemas');
insert into PACIENTE values(27, 916257252, 'Jorge Peixe', 'Rua de Matosinhos', 1956-07-24, 'M', 'Secretário de Informática');
insert into PACIENTE values(28, 922403203, 'José Guedes', 'Rua de Matosinhos', 1949-07-19, 'F', 'Advogado de Civil');
insert into PACIENTE values(29, 911713402, 'José Guedes', 'Rua de Madrid', 1975-05-19, 'O', 'Gestor de Estados');
insert into PACIENTE values(30, 911499111, 'Juliano Vieira', 'Rua de Madrid', 2003-04-05, 'O', 'Advogado de Estados');
insert into PACIENTE values(31, 929343657, 'Ana Vieira', 'Rua de Melbourne', 2001-10-24, 'F', 'Doutor de Contas');
insert into PACIENTE values(32, 911347771, 'Paulo Guedes', 'Perfeitura de Matosinhos', 2014-05-27, 'O', 'Professor de Programas');
insert into PACIENTE values(33, 923328944, 'Ana Pinheiro', 'Rua de Filadélfia', 1948-12-19, 'F', 'Doutor de Sistemas');
insert into PACIENTE values(34, 917078493, 'Paula Peixe', 'Entroncamento de Porto', 1956-12-20, 'O', 'Contabilista de Estados');
insert into PACIENTE values(35, 915075320, 'Pedro Cavalheiro', 'Rua de Madrid', 1958-12-25, 'O', 'Gestor de Contas');
insert into PACIENTE values(36, 913256955, 'Pedro Almeida', 'Rua de Lisboa', 1966-11-26, 'F', 'Engenheiro de Programas');
insert into PACIENTE values(37, 910135772, 'José Cavalheiro', 'Perfeitura de Berlim', 1953-04-12, 'F', 'Professor de Informática');
insert into PACIENTE values(38, 914538404, 'Ricardo Gigante', 'Rua de Lisboa', 1964-09-21, 'O', 'Doutor de Sistemas');
insert into PACIENTE values(39, 923693548, 'Afonso Moreira', 'Entroncamento de Lisboa', 1971-04-07, 'F', 'Advogado de Programas');
insert into PACIENTE values(40, 920566865, 'André Moreira', 'Perfeitura de Nova Iorque', 2014-05-12, 'F', 'Gestor de Informática');
insert into PACIENTE values(41, 929575226, 'Bernardo Peixe', 'Rua de Madrid', 1959-11-11, 'O', 'Advogado de Contas');
insert into PACIENTE values(42, 915562656, 'Joana Araújo', 'Bairro de Marrocos', 1960-04-18, 'M', 'Secretário de Sistemas');
insert into PACIENTE values(43, 919947782, 'João Bianca', 'Perfeitura de Xangai', 1950-09-05, 'F', 'Professor de Civil');
insert into PACIENTE values(44, 925135390, 'Angelo Moreira', 'Bairro de Braga', 1971-03-05, 'O', 'Gestor de Contas');
insert into PACIENTE values(45, 910907120, 'Jorge Silva', 'Perfeitura de Londres', 1994-04-21, 'M', 'Engenheiro de Civil');
insert into PACIENTE values(46, 922352822, 'Afonso Barbosa', 'Avenida de Paris', 2001-04-11, 'F', 'Contabilista de Estados');
insert into PACIENTE values(47, 911964577, 'Anabela Veiga', 'Rua de Berlim', 1969-01-01, 'F', 'Contabilista de Informática');
insert into PACIENTE values(48, 928986736, 'Joana Silva', 'Perfeitura de Osaka', 1995-09-15, 'F', 'Professor de Civil');
insert into PACIENTE values(49, 921065823, 'Guilherme Basílico', 'Avenida de Lisboa', 1994-03-10, 'O', 'Secretário de Programas');
insert into PACIENTE values(50, 922298862, 'Guilherme Moreira', 'Rua de Brasília', 1985-12-04, 'F', 'Advogado de Informática');
insert into PACIENTE values(51, 915052811, 'Francisco Veiga', 'Bairro de Faro', 1980-03-18, 'F', 'Contabilista de Civil');
insert into PACIENTE values(52, 924972460, 'Elisabete Peixe', 'Rua de Vila Nova', 2012-03-04, 'O', 'Gestor de Sistemas');
insert into PACIENTE values(53, 921605900, 'Francisca Silva', 'Bairro de Melbourne', 1976-08-13, 'F', 'Secretário de Estados');
insert into PACIENTE values(54, 928437534, 'João Vieira', 'Bairro de Granada', 1957-12-06, 'F', 'Advogado de Programas');
insert into PACIENTE values(55, 919538342, 'André Pinheiro', 'Avenida de Granada', 2001-10-07, 'M', 'Professor de Civil');
insert into PACIENTE values(56, 922763871, 'Afonso Guedes', 'Perfeitura de Osaka', 1954-08-23, 'F', 'Advogado de Sistemas');
insert into PACIENTE values(57, 921595796, 'Ana Luís', 'Avenida de Granada', 2013-02-01, 'F', 'Engenheiro de Sistemas');
insert into PACIENTE values(58, 913530880, 'Anderson Veiga', 'Perfeitura de Lisboa', 1961-03-04, 'F', 'Contabilista de Estados');
insert into PACIENTE values(59, 914032033, 'Anabela Almeida', 'Avenida de Vila Nova', 1984-09-13, 'M', 'Advogado de Contas');
insert into PACIENTE values(60, 927855050, 'Anabela Silva', 'Perfeitura de Roma', 1989-06-16, 'F', 'Engenheiro de Civil');
insert into PACIENTE values(61, 912527295, 'Paulo Pereira', 'Perfeitura de Porto', 1949-08-17, 'M', 'Doutor de Civil');
insert into PACIENTE values(62, 914083755, 'Jorge Barbosa', 'Entroncamento de Roma', 1945-07-27, 'M', 'Secretário de Estados');

insert into PESSOAaCONTACTAR values(63, 943179310, 'Paula Vieira', 'Entroncamento de Paris', 2013-09-08, 'O');
insert into PESSOAaCONTACTAR values(64, 941180018, 'João Bianca', 'Bairro de Matosinhos', 2012-06-15, 'O');
insert into PESSOAaCONTACTAR values(65, 936496910, 'Paulo Veiga', 'Bairro de Osaka', 1990-05-22, 'F');
insert into PESSOAaCONTACTAR values(66, 947182578, 'Paula Silva', 'Entroncamento de Turim', 1997-09-19, 'O');
insert into PESSOAaCONTACTAR values(67, 941148326, 'José Barbosa', 'Rua de Madrid', 1958-05-15, 'F');
insert into PESSOAaCONTACTAR values(68, 935963432, 'Francisca Peixe', 'Perfeitura de Granada', 1989-10-28, 'M');
insert into PESSOAaCONTACTAR values(69, 946264332, 'Paulo Moreira', 'Avenida de Vila Nova', 1999-12-27, 'F');
insert into PESSOAaCONTACTAR values(70, 943527242, 'João Bianca', 'Avenida de Osaka', 1959-02-23, 'M');
insert into PESSOAaCONTACTAR values(71, 932902568, 'Matilde Abdul', 'Perfeitura de Lisboa', 1956-07-27, 'F');
insert into PESSOAaCONTACTAR values(72, 935203783, 'Bernardo Cavalheiro', 'Rua de Paris', 1981-09-16, 'M');
insert into PESSOAaCONTACTAR values(73, 935044169, 'João Luís', 'Bairro de Londres', 1967-09-12, 'F');
insert into PESSOAaCONTACTAR values(74, 931807664, 'Anderson Almeida', 'Bairro de Melbourne', 1989-08-15, 'M');
insert into PESSOAaCONTACTAR values(75, 938587269, 'João Pereira', 'Avenida de Vila Nova', 2009-11-17, 'M');
insert into PESSOAaCONTACTAR values(76, 942625317, 'Jorge Gigante', 'Avenida de Londres', 1984-12-12, 'O');
insert into PESSOAaCONTACTAR values(77, 948728403, 'Matilde Moreira', 'Perfeitura de Porto', 1954-06-04, 'O');
insert into PESSOAaCONTACTAR values(78, 946020770, 'Matilde Abdul', 'Avenida de Vila Nova', 1956-08-20, 'F');

insert into COLABORADOR values(79, 963930375, 'Ana Pereira', 'Avenida de Madrid', 1949-03-17, 'F', 'Interino', null, null);
insert into COLABORADOR values(80, 951062416, 'Angelo Abdul', 'Rua de Marrocos', 2014-07-12, 'O', 'Chefe', null, null);
insert into COLABORADOR values(81, 963197920, 'Paula Silva', 'Bairro de Granada', 2004-07-11, 'F', 'Sub-Chefe', null, null);
insert into COLABORADOR values(82, 967099458, 'Anderson Vieira', 'Rua de Porto', 1986-04-10, 'O', 'Chefe', null, null);
insert into COLABORADOR values(83, 967638468, 'Francisca Silva', 'Entroncamento de Lisboa', 1980-03-21, 'O', 'Ajudante', null, null);
insert into COLABORADOR values(84, 968743232, 'Matilde Gigante', 'Entroncamento de Nova Iorque', 2017-03-09, 'O', 'Sub-Chefe', null, null);
insert into COLABORADOR values(85, 963312586, 'Juliano Bianca', 'Perfeitura de Marrocos', 1956-06-04, 'M', 'Chefe', null, null);
insert into COLABORADOR values(86, 963230839, 'Anderson Pereira', 'Entroncamento de Lisboa', 1965-06-21, 'O', 'Chefe', null, null);
insert into COLABORADOR values(87, 958546968, 'Anderson Veiga', 'Entroncamento de Lisboa', 1999-11-27, 'F', 'Chefe', null, null);
insert into COLABORADOR values(88, 950591310, 'André Almeida', 'Perfeitura de Madrid', 2001-12-14, 'O', 'Sub-Chefe', null, null);
insert into COLABORADOR values(89, 950827804, 'Francisco Luís', 'Rua de Paris', 1980-05-05, 'M', 'Chefe', null, null);
insert into COLABORADOR values(90, 954469456, 'Jorge Pereira', 'Entroncamento de Filadélfia', 1974-04-11, 'F', 'Ajudante', null, null);
insert into COLABORADOR values(91, 961850148, 'Angelo Mercedes', 'Bairro de Copenhaga', 1968-06-18, 'M', 'Ajudante', null, null);
insert into COLABORADOR values(92, 951773595, 'Francisca Gigante', 'Bairro de Melbourne', 1987-08-01, 'O', 'Sub-Chefe', null, null);
insert into COLABORADOR values(93, 963762138, 'João Barbosa', 'Avenida de Melbourne', 1956-10-11, 'F', 'Sub-Chefe', null, null);
insert into COLABORADOR values(94, 966586386, 'Guilherme Basílico', 'Bairro de Xangai', 1992-02-07, 'M', 'Chefe', null, null);
insert into COLABORADOR values(95, 966809011, 'Júlia Bianca', 'Perfeitura de Matosinhos', 1962-03-23, 'O', 'Interino', null, null);
insert into COLABORADOR values(96, 957975047, 'Elisabete Vieira', 'Avenida de Xangai', 2014-06-14, 'M', 'Chefe', null, null);
insert into COLABORADOR values(97, 954300503, 'Bernardo Almeida', 'Avenida de Madrid', 1963-03-08, 'F', 'Ajudante', null, null);
insert into COLABORADOR values(98, 951490095, 'Anderson Luís', 'Perfeitura de Londres', 1975-06-09, 'O', 'Sub-Chefe', null, null);
insert into COLABORADOR values(99, 957715633, 'Anderson Peixe', 'Avenida de Londres', 1991-10-05, 'F', 'Ajudante', null, null);
insert into COLABORADOR values(100, 968749626, 'Angelo Araújo', 'Bairro de Xangai', 1954-08-02, 'F', 'Interino', null, null);
insert into COLABORADOR values(101, 956224474, 'Anderson Araújo', 'Bairro de Copenhaga', 1960-03-07, 'O', 'Interino', null, null);
insert into COLABORADOR values(102, 958384575, 'Francisca Luís', 'Perfeitura de Vila Nova', 1957-04-06, 'M', 'Chefe', null, null);
insert into COLABORADOR values(103, 960145920, 'André Cavalheiro', 'Entroncamento de Filadélfia', 1973-01-28, 'F', 'Interino', null, null);
insert into COLABORADOR values(104, 962063592, 'Ana Abdul', 'Entroncamento de Berlim', 1975-07-26, 'F', 'Sub-Chefe', null, null);
insert into COLABORADOR values(105, 962022709, 'João Guedes', 'Bairro de Xangai', 2016-09-11, 'M', 'Ajudante', null, null);
insert into COLABORADOR values(106, 959735863, 'Juliano Araújo', 'Rua de Porto', 2003-04-21, 'M', 'Chefe', null, null);
insert into COLABORADOR values(107, 953748559, 'Jorge Basílico', 'Entroncamento de Marrocos', 1970-03-10, 'M', 'Sub-Chefe', null, null);
insert into COLABORADOR values(108, 968975045, 'Guilherme Luís', 'Avenida de Nova Iorque', 2003-05-20, 'M', 'Ajudante', null, null);
insert into COLABORADOR values(109, 969513599, 'Afonso Veiga', 'Bairro de Berlim', 2010-07-13, 'F', 'Sub-Chefe', null, null);
insert into COLABORADOR values(110, 957086893, 'Afonso Basílico', 'Avenida de Melbourne', 1998-06-06, 'F', 'Ajudante', null, null);
insert into COLABORADOR values(111, 956390638, 'Afonso Barbosa', 'Entroncamento de Melbourne', 1966-02-03, 'O', 'Interino', null, null);
insert into COLABORADOR values(112, 956310622, 'Paulo Pereira', 'Entroncamento de Marrocos', 1994-11-06, 'M', 'Interino', null, null);
insert into COLABORADOR values(113, 955229624, 'Francisca Silva', 'Entroncamento de Granada', 1945-05-15, 'F', 'Sub-Chefe', null, null);
insert into COLABORADOR values(114, 962547436, 'Angelo Gigante', 'Avenida de Madrid', 1973-12-15, 'F', 'Sub-Chefe', null, null);
insert into COLABORADOR values(115, 961445891, 'Guilherme Araújo', 'Perfeitura de Matosinhos', 1981-12-15, 'F', 'Chefe', null, null);
insert into COLABORADOR values(116, 967533352, 'Francisco Peixe', 'Entroncamento de Roma', 1988-05-17, 'O', 'Interino', null, null);
insert into COLABORADOR values(117, 959382054, 'Afonso Almeida', 'Avenida de Braga', 1950-03-15, 'M', 'Interino', null, null);

insert into COLABORADOR values(118, 969550793, 'Matilde Gigante', 'Avenida de Nova Iorque', 1960-09-22, 'F', null, 'Torresmos', null);
insert into COLABORADOR values(119, 961119347, 'Bernardo Bianca', 'Entroncamento de Londres', 2000-01-15, 'F', null, 'Bacalhau com Broa', null);
insert into COLABORADOR values(120, 958679532, 'Francisco Bianca', 'Bairro de Matosinhos', 1985-02-27, 'M', null, 'Torresmos', null);
insert into COLABORADOR values(121, 958926043, 'José Luís', 'Bairro de Madrid', 1994-10-09, 'F', null, 'Bacalhau com Broa', null);
insert into COLABORADOR values(122, 959068146, 'José Bianca', 'Perfeitura de Matosinhos', 1975-05-23, 'O', null, 'Torresmos', null);
insert into COLABORADOR values(123, 950181261, 'Pedro Peixe', 'Bairro de Turim', 2000-10-01, 'O', null, 'Porco Assado', null);
insert into COLABORADOR values(124, 950676702, 'Jorge Peixe', 'Rua de Granada', 1994-11-14, 'M', null, 'Porco Assado', null);
insert into COLABORADOR values(125, 962103359, 'Júlia Cavalheiro', 'Avenida de Londres', 2008-01-04, 'M', null, 'Camarão da Costa', null);
insert into COLABORADOR values(126, 957198175, 'Pedro Basílico', 'Avenida de Londres', 2005-03-18, 'F', null, 'Tripas à Moda do Porto', null);
insert into COLABORADOR values(127, 966682570, 'Guilherme Guedes', 'Perfeitura de Londres', 1960-05-22, 'M', null, 'Fígado de Cebolada', null);
insert into COLABORADOR values(128, 957173246, 'Pedro Pereira', 'Entroncamento de Melbourne', 2003-04-25, 'F', null, 'Porco Assado', null);
insert into COLABORADOR values(129, 955347583, 'Anabela Veiga', 'Avenida de Xangai', 1972-12-05, 'O', null, 'Torresmos', null);
insert into COLABORADOR values(130, 955691769, 'João Araújo', 'Entroncamento de Paris', 1972-09-22, 'F', null, 'Fígado de Cebolada', null);
insert into COLABORADOR values(131, 960655252, 'Matilde Luís', 'Rua de Lisboa', 1968-02-10, 'F', null, 'Torresmos', null);
insert into COLABORADOR values(132, 959518951, 'Francisca Luís', 'Rua de Marrocos', 2012-08-09, 'O', null, 'Porco Assado', null);
insert into COLABORADOR values(133, 963620022, 'Ricardo Basílico', 'Avenida de Berlim', 1991-09-25, 'M', null, 'Camarão da Costa', null);
insert into COLABORADOR values(134, 955767315, 'Pedro Pinheiro', 'Bairro de Copenhaga', 1993-05-02, 'F', null, 'Camarão da Costa', null);
insert into COLABORADOR values(135, 962264798, 'Joana Barbosa', 'Bairro de Vila Nova', 1988-01-15, 'M', null, 'Porco Assado', null);
insert into COLABORADOR values(136, 963068517, 'Ricardo Luís', 'Entroncamento de Londres', 1949-11-17, 'O', null, 'Torresmos', null);
insert into COLABORADOR values(137, 966054075, 'Angelo Gigante', 'Avenida de Melbourne', 1992-03-25, 'O', null, 'Torresmos', null);
insert into COLABORADOR values(138, 955300816, 'André Gigante', 'Rua de Granada', 1996-10-02, 'F', null, 'Bacalhau com Broa', null);
insert into COLABORADOR values(139, 955731055, 'Paulo Mercedes', 'Rua de Lisboa', 1975-12-22, 'O', null, 'Bacalhau com Broa', null);
insert into COLABORADOR values(140, 952591501, 'Anderson Cavalheiro', 'Avenida de Melbourne', 1990-08-05, 'M', null, 'Camarão da Costa', null);
insert into COLABORADOR values(141, 953591035, 'Angelo Veiga', 'Perfeitura de Vila Nova', 2013-05-10, 'F', null, 'Tripas à Moda do Porto', null);
insert into COLABORADOR values(142, 963713138, 'Matilde Bianca', 'Avenida de Osaka', 1968-01-24, 'O', null, 'Porco Assado', null);
insert into COLABORADOR values(143, 958632847, 'José Guedes', 'Perfeitura de Granada', 1979-05-18, 'O', null, 'Camarão da Costa', null);
insert into COLABORADOR values(144, 958971841, 'André Guedes', 'Bairro de Copenhaga', 1991-08-13, 'M', null, 'Bacalhau com Broa', null);
insert into COLABORADOR values(145, 955339187, 'Bernardo Guedes', 'Entroncamento de Turim', 2003-08-01, 'F', null, 'Torresmos', null);
insert into COLABORADOR values(146, 959455075, 'Francisca Peixe', 'Rua de Copenhaga', 1983-05-19, 'O', null, 'Torresmos', null);
insert into COLABORADOR values(147, 968380077, 'Ricardo Barbosa', 'Rua de Xangai', 2000-07-18, 'M', null, 'Bacalhau com Broa', null);
insert into COLABORADOR values(148, 967530487, 'Anderson Barbosa', 'Rua de Paris', 2000-02-02, 'F', null, 'Torresmos', null);
insert into COLABORADOR values(149, 966530875, 'Bernardo Bianca', 'Perfeitura de Londres', 1951-02-01, 'O', null, 'Tripas à Moda do Porto', null);
insert into COLABORADOR values(150, 963840241, 'Jorge Basílico', 'Avenida de Xangai', 1962-04-21, 'F', null, 'Fígado de Cebolada', null);
insert into COLABORADOR values(151, 953885599, 'Afonso Araújo', 'Avenida de Londres', 1998-02-11, 'F', null, 'Fígado de Cebolada', null);
insert into COLABORADOR values(152, 950583175, 'Anderson Silva', 'Rua de Nova Iorque', 2011-09-27, 'O', null, 'Tripas à Moda do Porto', null);
insert into COLABORADOR values(153, 967223027, 'Juliano Luís', 'Bairro de Roma', 1962-07-17, 'F', null, 'Camarão da Costa', null);
insert into COLABORADOR values(154, 950318376, 'Joana Silva', 'Entroncamento de Filadélfia', 2003-12-07, 'O', null, 'Porco Assado', null);
insert into COLABORADOR values(155, 955380641, 'Elisabete Mercedes', 'Bairro de Madrid', 1976-04-22, 'M', null, 'Torresmos', null);
insert into COLABORADOR values(156, 957655771, 'Guilherme Luís', 'Bairro de Granada', 1975-07-21, 'O', null, 'Tripas à Moda do Porto', null);

insert into COLABORADOR values(157, 968843300, 'Francisca Bianca', 'Perfeitura de Londres', 1962-09-12, 'F', null, null, 3);
insert into COLABORADOR values(158, 951868682, 'Juliano Vieira', 'Rua de Berlim', 1975-04-18, 'M', null, null, 3);
insert into COLABORADOR values(159, 969384321, 'Ricardo Peixe', 'Perfeitura de Londres', 2012-05-17, 'O', null, null, 6);
insert into COLABORADOR values(160, 962620212, 'Joana Silva', 'Bairro de Copenhaga', 2013-03-09, 'M', null, null, 6);
insert into COLABORADOR values(161, 955081745, 'Angelo Barbosa', 'Bairro de Berlim', 1994-02-13, 'F', null, null, 6);
insert into COLABORADOR values(162, 963387710, 'Anderson Guedes', 'Rua de Matosinhos', 1995-02-22, 'M', null, null, 1);
insert into COLABORADOR values(163, 962181773, 'Angelo Barbosa', 'Entroncamento de Melbourne', 2004-10-17, 'F', null, null, 5);
insert into COLABORADOR values(164, 957507591, 'Ana Barbosa', 'Rua de Granada', 2004-03-12, 'F', null, null, 6);
insert into COLABORADOR values(165, 957578207, 'Jorge Pereira', 'Rua de Paris', 1979-03-05, 'O', null, null, 1);
insert into COLABORADOR values(166, 968598597, 'Elisabete Bianca', 'Avenida de Vila Nova', 1976-04-11, 'O', null, null, 4);
insert into COLABORADOR values(167, 953563260, 'Ana Cavalheiro', 'Rua de Brasília', 1965-06-09, 'M', null, null, 4);
insert into COLABORADOR values(168, 962762531, 'Júlia Luís', 'Avenida de Copenhaga', 1984-08-26, 'M', null, null, 5);
insert into COLABORADOR values(169, 952338936, 'Júlia Bianca', 'Rua de Xangai', 1992-08-08, 'M', null, null, 1);
insert into COLABORADOR values(170, 955778026, 'Joana Silva', 'Avenida de Matosinhos', 1995-02-22, 'M', null, null, 2);
insert into COLABORADOR values(171, 963404811, 'José Vieira', 'Avenida de Londres', 1977-01-21, 'M', null, null, 4);
insert into COLABORADOR values(172, 968577423, 'Bernardo Veiga', 'Avenida de Londres', 1993-03-13, 'O', null, null, 5);
insert into COLABORADOR values(173, 955268686, 'Júlia Pinheiro', 'Entroncamento de Marrocos', 1984-03-16, 'M', null, null, 6);
insert into COLABORADOR values(174, 966805803, 'Angelo Araújo', 'Rua de Marrocos', 1957-06-14, 'M', null, null, 6);
insert into COLABORADOR values(175, 969225060, 'João Barbosa', 'Rua de Brasília', 1986-02-17, 'O', null, null, 1);
insert into COLABORADOR values(176, 956575276, 'Pedro Luís', 'Entroncamento de Londres', 1990-11-20, 'F', null, null, 4);
insert into COLABORADOR values(177, 968944968, 'Joana Veiga', 'Bairro de Madrid', 1969-04-08, 'F', null, null, 2);
insert into COLABORADOR values(178, 961112926, 'João Barbosa', 'Perfeitura de Braga', 1946-03-01, 'O', null, null, 1);
insert into COLABORADOR values(179, 959858511, 'Jorge Moreira', 'Bairro de Vila Nova', 1952-09-17, 'F', null, null, 5);
insert into COLABORADOR values(180, 962069245, 'Anderson Basílico', 'Rua de Turim', 1996-12-27, 'F', null, null, 6);
insert into COLABORADOR values(181, 967547246, 'João Basílico', 'Avenida de Melbourne', 2001-03-04, 'F', null, null, 3);
insert into COLABORADOR values(182, 967757057, 'João Pinheiro', 'Rua de Matosinhos', 2014-03-12, 'M', null, null, 5);
insert into COLABORADOR values(183, 965217838, 'Matilde Luís', 'Perfeitura de Madrid', 1951-10-20, 'M', null, null, 4);
insert into COLABORADOR values(184, 953485538, 'Júlia Almeida', 'Avenida de Londres', 2006-08-13, 'M', null, null, 5);
insert into COLABORADOR values(185, 966377109, 'Ricardo Almeida', 'Rua de Paris', 1951-06-15, 'O', null, null, 5);
insert into COLABORADOR values(186, 967512912, 'Bernardo Guedes', 'Perfeitura de Melbourne', 1994-01-03, 'F', null, null, 2);
insert into COLABORADOR values(187, 964213717, 'Angelo Pinheiro', 'Rua de Granada', 1985-02-04, 'F', null, null, 1);
insert into COLABORADOR values(188, 964295736, 'Francisca Moreira', 'Entroncamento de Melbourne', 1992-01-18, 'F', null, null, 4);
insert into COLABORADOR values(189, 965127348, 'Jorge Guedes', 'Bairro de Vila Nova', 1953-06-02, 'F', null, null, 3);
insert into COLABORADOR values(190, 961630906, 'Bernardo Basílico', 'Rua de Marrocos', 2001-02-03, 'F', null, null, 1);
insert into COLABORADOR values(191, 956829605, 'Guilherme Gigante', 'Entroncamento de Nova Iorque', 1964-02-09, 'O', null, null, 5);
insert into COLABORADOR values(192, 957225254, 'Bernardo Veiga', 'Avenida de Nova Iorque', 2011-07-26, 'F', null, null, 4);
insert into COLABORADOR values(193, 967867919, 'Paulo Pereira', 'Perfeitura de Granada', 1953-04-26, 'O', null, null, 1);
insert into COLABORADOR values(194, 969838932, 'Bernardo Cavalheiro', 'Rua de Faro', 1952-03-18, 'M', null, null, 6);
insert into COLABORADOR values(195, 950954034, 'Angelo Gigante', 'Avenida de Xangai', 1960-10-08, 'O', null, null, 4);

insert into GRAUdePARENTESCO values(1, 72);
insert into GRAUdePARENTESCO values(2, 71);
insert into GRAUdePARENTESCO values(3, 74);
insert into GRAUdePARENTESCO values(4, 75);
insert into GRAUdePARENTESCO values(5, 72);
insert into GRAUdePARENTESCO values(6, 70);
insert into GRAUdePARENTESCO values(7, 77);
insert into GRAUdePARENTESCO values(8, 65);
insert into GRAUdePARENTESCO values(9, 66);
insert into GRAUdePARENTESCO values(10, 78);
insert into GRAUdePARENTESCO values(11, 76);
insert into GRAUdePARENTESCO values(12, 66);
insert into GRAUdePARENTESCO values(13, 69);
insert into GRAUdePARENTESCO values(14, 78);
insert into GRAUdePARENTESCO values(15, 69);
insert into GRAUdePARENTESCO values(16, 74);
insert into GRAUdePARENTESCO values(17, 65);
insert into GRAUdePARENTESCO values(18, 63);
insert into GRAUdePARENTESCO values(19, 66);
insert into GRAUdePARENTESCO values(20, 74);
insert into GRAUdePARENTESCO values(21, 70);
insert into GRAUdePARENTESCO values(22, 71);
insert into GRAUdePARENTESCO values(23, 66);
insert into GRAUdePARENTESCO values(24, 77);
insert into GRAUdePARENTESCO values(25, 69);
insert into GRAUdePARENTESCO values(26, 73);
insert into GRAUdePARENTESCO values(27, 64);
insert into GRAUdePARENTESCO values(28, 67);
insert into GRAUdePARENTESCO values(29, 76);
insert into GRAUdePARENTESCO values(30, 77);
insert into GRAUdePARENTESCO values(31, 66);
insert into GRAUdePARENTESCO values(32, 64);
insert into GRAUdePARENTESCO values(33, 77);
insert into GRAUdePARENTESCO values(34, 63);
insert into GRAUdePARENTESCO values(35, 66);
insert into GRAUdePARENTESCO values(36, 72);
insert into GRAUdePARENTESCO values(37, 73);
insert into GRAUdePARENTESCO values(38, 66);
insert into GRAUdePARENTESCO values(39, 78);
insert into GRAUdePARENTESCO values(40, 68);
insert into GRAUdePARENTESCO values(41, 64);
insert into GRAUdePARENTESCO values(42, 77);
insert into GRAUdePARENTESCO values(43, 66);
insert into GRAUdePARENTESCO values(44, 72);
insert into GRAUdePARENTESCO values(45, 72);
insert into GRAUdePARENTESCO values(46, 64);
insert into GRAUdePARENTESCO values(47, 74);
insert into GRAUdePARENTESCO values(48, 70);
insert into GRAUdePARENTESCO values(49, 65);
insert into GRAUdePARENTESCO values(50, 68);
insert into GRAUdePARENTESCO values(51, 75);
insert into GRAUdePARENTESCO values(52, 72);
insert into GRAUdePARENTESCO values(53, 72);
insert into GRAUdePARENTESCO values(54, 78);
insert into GRAUdePARENTESCO values(55, 67);
insert into GRAUdePARENTESCO values(56, 73);
insert into GRAUdePARENTESCO values(57, 64);
insert into GRAUdePARENTESCO values(58, 71);
insert into GRAUdePARENTESCO values(59, 67);
insert into GRAUdePARENTESCO values(60, 64);
insert into GRAUdePARENTESCO values(61, 72);
insert into GRAUdePARENTESCO values(62, 77);

insert into PacienteSegurosPatologia values(1, 2, 4);
insert into PacienteSegurosPatologia values(2, 2, 7);
insert into PacienteSegurosPatologia values(3, 2, 20);
insert into PacienteSegurosPatologia values(4, 1, 11);
insert into PacienteSegurosPatologia values(5, 2, 37);
insert into PacienteSegurosPatologia values(6, 10, 16);
insert into PacienteSegurosPatologia values(7, 7, 20);
insert into PacienteSegurosPatologia values(8, 10, 28);
insert into PacienteSegurosPatologia values(9, 5, 24);
insert into PacienteSegurosPatologia values(10, 5, 14);
insert into PacienteSegurosPatologia values(11, 9, 2);
insert into PacienteSegurosPatologia values(12, 11, 21);
insert into PacienteSegurosPatologia values(13, 4, 36);
insert into PacienteSegurosPatologia values(14, 4, 23);
insert into PacienteSegurosPatologia values(15, 9, 35);
insert into PacienteSegurosPatologia values(16, 4, 10);
insert into PacienteSegurosPatologia values(17, 2, 26);
insert into PacienteSegurosPatologia values(18, 2, 6);
insert into PacienteSegurosPatologia values(19, 10, 3);
insert into PacienteSegurosPatologia values(20, 3, 22);
insert into PacienteSegurosPatologia values(21, 12, 23);
insert into PacienteSegurosPatologia values(22, 3, 27);
insert into PacienteSegurosPatologia values(23, 3, 12);
insert into PacienteSegurosPatologia values(24, 3, 30);
insert into PacienteSegurosPatologia values(25, 11, 6);
insert into PacienteSegurosPatologia values(26, 5, 5);
insert into PacienteSegurosPatologia values(27, 8, 22);
insert into PacienteSegurosPatologia values(28, 6, 5);
insert into PacienteSegurosPatologia values(29, 10, 39);
insert into PacienteSegurosPatologia values(30, 8, 15);
insert into PacienteSegurosPatologia values(31, 5, 27);
insert into PacienteSegurosPatologia values(32, 3, 2);
insert into PacienteSegurosPatologia values(33, 8, 27);
insert into PacienteSegurosPatologia values(34, 3, 20);
insert into PacienteSegurosPatologia values(35, 12, 28);
insert into PacienteSegurosPatologia values(36, 8, 20);
insert into PacienteSegurosPatologia values(37, 4, 14);
insert into PacienteSegurosPatologia values(38, 6, 38);
insert into PacienteSegurosPatologia values(39, 10, 28);
insert into PacienteSegurosPatologia values(40, 12, 7);
insert into PacienteSegurosPatologia values(41, 7, 18);
insert into PacienteSegurosPatologia values(42, 11, 21);
insert into PacienteSegurosPatologia values(43, 4, 11);
insert into PacienteSegurosPatologia values(44, 4, 34);
insert into PacienteSegurosPatologia values(45, 12, 8);
insert into PacienteSegurosPatologia values(46, 9, 18);
insert into PacienteSegurosPatologia values(47, 6, 13);
insert into PacienteSegurosPatologia values(48, 3, 3);
insert into PacienteSegurosPatologia values(49, 8, 12);
insert into PacienteSegurosPatologia values(50, 2, 16);
insert into PacienteSegurosPatologia values(51, 7, 39);
insert into PacienteSegurosPatologia values(52, 12, 22);
insert into PacienteSegurosPatologia values(53, 1, 23);
insert into PacienteSegurosPatologia values(54, 11, 21);
insert into PacienteSegurosPatologia values(55, 8, 29);
insert into PacienteSegurosPatologia values(56, 3, 21);
insert into PacienteSegurosPatologia values(57, 12, 20);
insert into PacienteSegurosPatologia values(58, 9, 33);
insert into PacienteSegurosPatologia values(59, 2, 33);
insert into PacienteSegurosPatologia values(60, 2, 37);
insert into PacienteSegurosPatologia values(61, 3, 8);
insert into PacienteSegurosPatologia values(62, 5, 37);

insert into DATAdeNASCIMENTO values(1945-05-15, 76);
insert into DATAdeNASCIMENTO values(1945-07-27, 76);
insert into DATAdeNASCIMENTO values(1946-03-01, 75);
insert into DATAdeNASCIMENTO values(1948-12-19, 73);
insert into DATAdeNASCIMENTO values(1949-03-17, 72);
insert into DATAdeNASCIMENTO values(1949-07-19, 72);
insert into DATAdeNASCIMENTO values(1949-08-17, 72);
insert into DATAdeNASCIMENTO values(1949-11-17, 72);
insert into DATAdeNASCIMENTO values(1950-03-15, 71);
insert into DATAdeNASCIMENTO values(1950-09-05, 71);
insert into DATAdeNASCIMENTO values(1951-02-01, 70);
insert into DATAdeNASCIMENTO values(1951-06-15, 70);
insert into DATAdeNASCIMENTO values(1951-10-20, 70);
insert into DATAdeNASCIMENTO values(1952-03-18, 69);
insert into DATAdeNASCIMENTO values(1952-09-17, 69);
insert into DATAdeNASCIMENTO values(1953-04-12, 68);
insert into DATAdeNASCIMENTO values(1953-04-26, 68);
insert into DATAdeNASCIMENTO values(1953-06-02, 68);
insert into DATAdeNASCIMENTO values(1954-06-04, 67);
insert into DATAdeNASCIMENTO values(1954-08-02, 67);
insert into DATAdeNASCIMENTO values(1954-08-23, 67);
insert into DATAdeNASCIMENTO values(1955-05-15, 66);
insert into DATAdeNASCIMENTO values(1956-06-04, 65);
insert into DATAdeNASCIMENTO values(1956-07-24, 65);
insert into DATAdeNASCIMENTO values(1956-07-27, 65);
insert into DATAdeNASCIMENTO values(1956-08-20, 65);
insert into DATAdeNASCIMENTO values(1956-10-11, 65);
insert into DATAdeNASCIMENTO values(1956-12-20, 65);
insert into DATAdeNASCIMENTO values(1957-04-06, 64);
insert into DATAdeNASCIMENTO values(1957-06-14, 64);
insert into DATAdeNASCIMENTO values(1957-12-06, 64);
insert into DATAdeNASCIMENTO values(1958-05-15, 63);
insert into DATAdeNASCIMENTO values(1958-12-25, 63);
insert into DATAdeNASCIMENTO values(1959-02-23, 62);
insert into DATAdeNASCIMENTO values(1959-11-11, 62);
insert into DATAdeNASCIMENTO values(1960-03-07, 61);
insert into DATAdeNASCIMENTO values(1960-04-18, 61);
insert into DATAdeNASCIMENTO values(1960-05-22, 61);
insert into DATAdeNASCIMENTO values(1960-09-22, 61);
insert into DATAdeNASCIMENTO values(1960-10-08, 61);
insert into DATAdeNASCIMENTO values(1960-12-13, 61);
insert into DATAdeNASCIMENTO values(1961-03-04, 60);
insert into DATAdeNASCIMENTO values(1961-07-15, 60);
insert into DATAdeNASCIMENTO values(1962-03-23, 59);
insert into DATAdeNASCIMENTO values(1962-04-21, 59);
insert into DATAdeNASCIMENTO values(1962-05-19, 59);
insert into DATAdeNASCIMENTO values(1962-07-17, 59);
insert into DATAdeNASCIMENTO values(1962-09-12, 59);
insert into DATAdeNASCIMENTO values(1963-03-08, 58);
insert into DATAdeNASCIMENTO values(1964-02-09, 57);
insert into DATAdeNASCIMENTO values(1964-09-21, 57);
insert into DATAdeNASCIMENTO values(1965-06-09, 56);
insert into DATAdeNASCIMENTO values(1965-06-21, 56);
insert into DATAdeNASCIMENTO values(1966-02-03, 55);
insert into DATAdeNASCIMENTO values(1966-11-26, 55);
insert into DATAdeNASCIMENTO values(1967-02-06, 54);
insert into DATAdeNASCIMENTO values(1967-09-12, 54);
insert into DATAdeNASCIMENTO values(1968-01-24, 53);
insert into DATAdeNASCIMENTO values(1968-02-10, 53);
insert into DATAdeNASCIMENTO values(1968-06-18, 53);
insert into DATAdeNASCIMENTO values(1969-01-01, 52);
insert into DATAdeNASCIMENTO values(1969-04-08, 52);
insert into DATAdeNASCIMENTO values(1969-10-07, 52);
insert into DATAdeNASCIMENTO values(1970-03-10, 51);
insert into DATAdeNASCIMENTO values(1970-05-08, 51);
insert into DATAdeNASCIMENTO values(1971-03-05, 50);
insert into DATAdeNASCIMENTO values(1971-04-07, 50);
insert into DATAdeNASCIMENTO values(1972-09-22, 49);
insert into DATAdeNASCIMENTO values(1972-12-05, 49);
insert into DATAdeNASCIMENTO values(1973-01-28, 48);
insert into DATAdeNASCIMENTO values(1973-12-15, 48);
insert into DATAdeNASCIMENTO values(1974-04-11, 47);
insert into DATAdeNASCIMENTO values(1974-11-08, 47);
insert into DATAdeNASCIMENTO values(1975-01-16, 46);
insert into DATAdeNASCIMENTO values(1975-04-18, 46);
insert into DATAdeNASCIMENTO values(1975-05-19, 46);
insert into DATAdeNASCIMENTO values(1975-05-23, 46);
insert into DATAdeNASCIMENTO values(1975-06-09, 46);
insert into DATAdeNASCIMENTO values(1975-07-21, 46);
insert into DATAdeNASCIMENTO values(1975-07-26, 46);
insert into DATAdeNASCIMENTO values(1975-12-22, 46);
insert into DATAdeNASCIMENTO values(1976-04-11, 45);
insert into DATAdeNASCIMENTO values(1976-04-22, 45);
insert into DATAdeNASCIMENTO values(1976-08-13, 45);
insert into DATAdeNASCIMENTO values(1977-01-21, 44);
insert into DATAdeNASCIMENTO values(1978-09-13, 43);
insert into DATAdeNASCIMENTO values(1979-03-05, 42);
insert into DATAdeNASCIMENTO values(1979-05-18, 42);
insert into DATAdeNASCIMENTO values(1979-11-13, 42);
insert into DATAdeNASCIMENTO values(1980-03-18, 41);
insert into DATAdeNASCIMENTO values(1980-03-21, 41);
insert into DATAdeNASCIMENTO values(1980-05-05, 41);
insert into DATAdeNASCIMENTO values(1981-07-01, 40);
insert into DATAdeNASCIMENTO values(1981-09-16, 40);
insert into DATAdeNASCIMENTO values(1981-12-15, 40);
insert into DATAdeNASCIMENTO values(1983-05-19, 38);
insert into DATAdeNASCIMENTO values(1984-01-15, 37);
insert into DATAdeNASCIMENTO values(1984-03-16, 37);
insert into DATAdeNASCIMENTO values(1984-08-26, 37);
insert into DATAdeNASCIMENTO values(1984-09-13, 37);
insert into DATAdeNASCIMENTO values(1984-12-12, 37);
insert into DATAdeNASCIMENTO values(1985-02-04, 36);
insert into DATAdeNASCIMENTO values(1985-02-27, 36);
insert into DATAdeNASCIMENTO values(1985-12-04, 36);
insert into DATAdeNASCIMENTO values(1986-02-17, 35);
insert into DATAdeNASCIMENTO values(1986-04-10, 35);
insert into DATAdeNASCIMENTO values(1987-08-01, 34);
insert into DATAdeNASCIMENTO values(1988-01-15, 33);
insert into DATAdeNASCIMENTO values(1988-05-17, 33);
insert into DATAdeNASCIMENTO values(1988-06-20, 33);
insert into DATAdeNASCIMENTO values(1989-06-16, 32);
insert into DATAdeNASCIMENTO values(1989-07-11, 32);
insert into DATAdeNASCIMENTO values(1989-08-15, 32);
insert into DATAdeNASCIMENTO values(1989-10-28, 32);
insert into DATAdeNASCIMENTO values(1989-11-28, 32);
insert into DATAdeNASCIMENTO values(1990-05-22, 31);
insert into DATAdeNASCIMENTO values(1990-08-05, 31);
insert into DATAdeNASCIMENTO values(1990-11-20, 31);
insert into DATAdeNASCIMENTO values(1991-04-26, 30);
insert into DATAdeNASCIMENTO values(1991-08-13, 30);
insert into DATAdeNASCIMENTO values(1991-09-25, 30);
insert into DATAdeNASCIMENTO values(1991-10-05, 30);
insert into DATAdeNASCIMENTO values(1992-01-18, 29);
insert into DATAdeNASCIMENTO values(1992-02-07, 29);
insert into DATAdeNASCIMENTO values(1992-03-25, 29);
insert into DATAdeNASCIMENTO values(1992-08-08, 29);
insert into DATAdeNASCIMENTO values(1993-03-13, 28);
insert into DATAdeNASCIMENTO values(1993-05-02, 28);
insert into DATAdeNASCIMENTO values(1994-01-03, 27);
insert into DATAdeNASCIMENTO values(1994-02-13, 27);
insert into DATAdeNASCIMENTO values(1994-03-10, 27);
insert into DATAdeNASCIMENTO values(1994-04-21, 27);
insert into DATAdeNASCIMENTO values(1994-10-09, 27);
insert into DATAdeNASCIMENTO values(1994-11-06, 27);
insert into DATAdeNASCIMENTO values(1994-11-14, 27);
insert into DATAdeNASCIMENTO values(1995-02-22, 26);
insert into DATAdeNASCIMENTO values(1995-09-15, 26);
insert into DATAdeNASCIMENTO values(1996-03-19, 25);
insert into DATAdeNASCIMENTO values(1996-09-11, 25);
insert into DATAdeNASCIMENTO values(1996-10-02, 25);
insert into DATAdeNASCIMENTO values(1996-12-27, 25);
insert into DATAdeNASCIMENTO values(1997-09-19, 24);
insert into DATAdeNASCIMENTO values(1998-02-11, 23);
insert into DATAdeNASCIMENTO values(1998-06-06, 23);
insert into DATAdeNASCIMENTO values(1999-11-27, 22);
insert into DATAdeNASCIMENTO values(1999-12-27, 22);
insert into DATAdeNASCIMENTO values(2000-01-15, 21);
insert into DATAdeNASCIMENTO values(2000-02-02, 21);
insert into DATAdeNASCIMENTO values(2000-06-26, 21);
insert into DATAdeNASCIMENTO values(2000-07-12, 21);
insert into DATAdeNASCIMENTO values(2000-07-18, 21);
insert into DATAdeNASCIMENTO values(2000-10-01, 21);
insert into DATAdeNASCIMENTO values(2000-10-25, 21);
insert into DATAdeNASCIMENTO values(2001-02-03, 20);
insert into DATAdeNASCIMENTO values(2001-03-04, 20);
insert into DATAdeNASCIMENTO values(2001-04-11, 20);
insert into DATAdeNASCIMENTO values(2001-04-23, 20);
insert into DATAdeNASCIMENTO values(2001-10-07, 20);
insert into DATAdeNASCIMENTO values(2001-10-24, 20);
insert into DATAdeNASCIMENTO values(2001-11-27, 20);
insert into DATAdeNASCIMENTO values(2001-12-14, 20);
insert into DATAdeNASCIMENTO values(2003-04-05, 18);
insert into DATAdeNASCIMENTO values(2003-04-21, 18);
insert into DATAdeNASCIMENTO values(2003-04-25, 18);
insert into DATAdeNASCIMENTO values(2003-05-20, 18);
insert into DATAdeNASCIMENTO values(2003-08-01, 18);
insert into DATAdeNASCIMENTO values(2003-12-07, 18);
insert into DATAdeNASCIMENTO values(2004-03-12, 17);
insert into DATAdeNASCIMENTO values(2004-07-11, 17);
insert into DATAdeNASCIMENTO values(2004-10-17, 17);
insert into DATAdeNASCIMENTO values(2005-03-18, 16);
insert into DATAdeNASCIMENTO values(2006-08-13, 15);
insert into DATAdeNASCIMENTO values(2008-01-04, 13);
insert into DATAdeNASCIMENTO values(2009-11-17, 12);
insert into DATAdeNASCIMENTO values(2010-07-13, 11);
insert into DATAdeNASCIMENTO values(2011-03-12, 10);
insert into DATAdeNASCIMENTO values(2011-07-26, 10);
insert into DATAdeNASCIMENTO values(2011-09-27, 10);
insert into DATAdeNASCIMENTO values(2012-03-04, 9);
insert into DATAdeNASCIMENTO values(2012-05-17, 9);
insert into DATAdeNASCIMENTO values(2012-06-15, 9);
insert into DATAdeNASCIMENTO values(2012-08-09, 9);
insert into DATAdeNASCIMENTO values(2013-02-01, 8);
insert into DATAdeNASCIMENTO values(2013-03-09, 8);
insert into DATAdeNASCIMENTO values(2013-05-10, 8);
insert into DATAdeNASCIMENTO values(2013-09-08, 8);
insert into DATAdeNASCIMENTO values(2014-03-12, 7);
insert into DATAdeNASCIMENTO values(2014-05-12, 7);
insert into DATAdeNASCIMENTO values(2014-05-27, 7);
insert into DATAdeNASCIMENTO values(2014-06-14, 7);
insert into DATAdeNASCIMENTO values(2014-07-12, 7);
insert into DATAdeNASCIMENTO values(2016-04-11, 5);
insert into DATAdeNASCIMENTO values(2016-09-11, 5);
insert into DATAdeNASCIMENTO values(2017-03-09, 4);

insert into TRATA values(1, 162, null);
insert into TRATA values(1, 165, null);
insert into TRATA values(1, 169, null);
insert into TRATA values(1, 175, null);
insert into TRATA values(1, 178, null);
insert into TRATA values(1, 187, null);
insert into TRATA values(1, 190, null);
insert into TRATA values(1, 193, null);
insert into TRATA values(2, 162, null);
insert into TRATA values(2, 165, null);
insert into TRATA values(2, 169, null);
insert into TRATA values(2, 175, null);
insert into TRATA values(2, 178, null);
insert into TRATA values(2, 187, null);
insert into TRATA values(2, 190, null);
insert into TRATA values(2, 193, null);
insert into TRATA values(3, 170, null);
insert into TRATA values(3, 177, null);
insert into TRATA values(3, 186, null);
insert into TRATA values(4, 170, null);
insert into TRATA values(4, 177, null);
insert into TRATA values(4, 186, null);
insert into TRATA values(5, 157, null);
insert into TRATA values(5, 158, null);
insert into TRATA values(5, 181, null);
insert into TRATA values(5, 189, null);
insert into TRATA values(6, 157, null);
insert into TRATA values(6, 158, null);
insert into TRATA values(6, 181, null);
insert into TRATA values(6, 189, null);
insert into TRATA values(7, 166, null);
insert into TRATA values(7, 167, null);
insert into TRATA values(7, 171, null);
insert into TRATA values(7, 176, null);
insert into TRATA values(7, 183, null);
insert into TRATA values(7, 188, null);
insert into TRATA values(7, 192, null);
insert into TRATA values(7, 195, null);
insert into TRATA values(8, 166, null);
insert into TRATA values(8, 167, null);
insert into TRATA values(8, 171, null);
insert into TRATA values(8, 176, null);
insert into TRATA values(8, 183, null);
insert into TRATA values(8, 188, null);
insert into TRATA values(8, 192, null);
insert into TRATA values(8, 195, null);
insert into TRATA values(9, 163, null);
insert into TRATA values(9, 168, null);
insert into TRATA values(9, 172, null);
insert into TRATA values(9, 179, null);
insert into TRATA values(9, 182, null);
insert into TRATA values(9, 184, null);
insert into TRATA values(9, 185, null);
insert into TRATA values(9, 191, null);
insert into TRATA values(10, 163, null);
insert into TRATA values(10, 168, null);
insert into TRATA values(10, 172, null);
insert into TRATA values(10, 179, null);
insert into TRATA values(10, 182, null);
insert into TRATA values(10, 184, null);
insert into TRATA values(10, 185, null);
insert into TRATA values(10, 191, null);
insert into TRATA values(11, 159, null);
insert into TRATA values(11, 160, null);
insert into TRATA values(11, 161, null);
insert into TRATA values(11, 164, null);
insert into TRATA values(11, 173, null);
insert into TRATA values(11, 174, null);
insert into TRATA values(11, 180, null);
insert into TRATA values(11, 194, null);
insert into TRATA values(12, 159, null);
insert into TRATA values(12, 160, null);
insert into TRATA values(12, 161, null);
insert into TRATA values(12, 164, null);
insert into TRATA values(12, 173, null);
insert into TRATA values(12, 174, null);
insert into TRATA values(12, 180, null);
insert into TRATA values(12, 194, null);

