PRAGMA foreign_keys = on;

insert into ESPECIALIDADE values(1, 'Urologia');
insert into ESPECIALIDADE values(2, 'Estomatologia');
insert into ESPECIALIDADE values(3, 'Pediatria');
insert into ESPECIALIDADE values(4, 'Medicina Geral');
insert into ESPECIALIDADE values(5, 'Fisioterapia');
insert into ESPECIALIDADE values(6, 'Osteopatia');

insert into PATOLOGIA values(1, 'Circuncisao');
insert into PATOLOGIA values(2, 'Ortodontia');
insert into PATOLOGIA values(3, 'Branqueamento');
insert into PATOLOGIA values(4, 'Gripe');
insert into PATOLOGIA values(5, 'Febre');
insert into PATOLOGIA values(6, 'Tosse');
insert into PATOLOGIA values(7, 'Covid-19');
insert into PATOLOGIA values(8, 'Anca');
insert into PATOLOGIA values(9, 'Joelho');
insert into PATOLOGIA values(10, 'Femur');
insert into PATOLOGIA values(11, 'Costela');
insert into PATOLOGIA values(12, 'Infeção Urinária');

insert into SEGUROSdeSAUDE values(1, 'AXA', 2029-07-15);
insert into SEGUROSdeSAUDE values(2, 'AXA', 2023-03-15);
insert into SEGUROSdeSAUDE values(3, 'AXA', 2024-07-27);
insert into SEGUROSdeSAUDE values(4, 'AXA', 2025-05-11);
insert into SEGUROSdeSAUDE values(5, 'Liberty', 2022-03-27);
insert into SEGUROSdeSAUDE values(6, 'Multicare', 2022-04-10);
insert into SEGUROSdeSAUDE values(7, 'AXA', 2026-04-14);
insert into SEGUROSdeSAUDE values(8, 'Liberty', 2022-08-27);
insert into SEGUROSdeSAUDE values(9, 'Servicos Sociais', 2028-10-22);
insert into SEGUROSdeSAUDE values(10, 'Multicare', 2025-08-04);
insert into SEGUROSdeSAUDE values(11, 'Liberty', 2026-11-02);
insert into SEGUROSdeSAUDE values(12, 'Liberty', 2028-04-23);
insert into SEGUROSdeSAUDE values(13, 'Liberty', 2027-01-02);
insert into SEGUROSdeSAUDE values(14, 'Servicos Sociais', 2022-01-07);
insert into SEGUROSdeSAUDE values(15, 'Servicos Sociais', 2023-09-16);
insert into SEGUROSdeSAUDE values(16, 'AXA', 2029-01-23);
insert into SEGUROSdeSAUDE values(17, 'Servicos Sociais', 2029-07-18);
insert into SEGUROSdeSAUDE values(18, 'Multicare', 2026-01-19);
insert into SEGUROSdeSAUDE values(19, 'Liberty', 2023-07-12);
insert into SEGUROSdeSAUDE values(20, 'Multicare', 2029-07-06);
insert into SEGUROSdeSAUDE values(21, 'Multicare', 2024-09-02);
insert into SEGUROSdeSAUDE values(22, 'Liberty', 2023-02-13);
insert into SEGUROSdeSAUDE values(23, 'Servicos Sociais', 2025-07-13);
insert into SEGUROSdeSAUDE values(24, 'Servicos Sociais', 2027-01-25);
insert into SEGUROSdeSAUDE values(25, 'Multicare', 2027-09-18);
insert into SEGUROSdeSAUDE values(26, 'Multicare', 2029-03-12);
insert into SEGUROSdeSAUDE values(27, 'AXA', 2027-07-11);
insert into SEGUROSdeSAUDE values(28, 'Multicare', 2023-08-06);
insert into SEGUROSdeSAUDE values(29, 'Servicos Sociais', 2024-11-10);
insert into SEGUROSdeSAUDE values(30, 'Servicos Sociais', 2025-07-01);
insert into SEGUROSdeSAUDE values(31, 'Liberty', 2026-12-08);
insert into SEGUROSdeSAUDE values(32, 'Servicos Sociais', 2026-10-05);
insert into SEGUROSdeSAUDE values(33, 'Servicos Sociais', 2028-12-07);
insert into SEGUROSdeSAUDE values(34, 'Liberty', 2029-09-05);
insert into SEGUROSdeSAUDE values(35, 'Multicare', 2024-01-02);
insert into SEGUROSdeSAUDE values(36, 'Servicos Sociais', 2027-06-21);
insert into SEGUROSdeSAUDE values(37, 'Liberty', 2025-04-20);
insert into SEGUROSdeSAUDE values(38, 'Servicos Sociais', 2023-06-01);
insert into SEGUROSdeSAUDE values(39, 'Liberty', 2022-05-19);

insert into PACIENTE values(1, 924095464, 'João Luís', 'Bairro de Roma', 2004-12-03, 'M', 'Advogado de Informática');
insert into PACIENTE values(2, 929694234, 'Pedro Pinheiro', 'Rua de Copenhaga', 1969-09-13, 'O', 'Contabilista de Estados');
insert into PACIENTE values(3, 923220942, 'Afonso Peixe', 'Bairro de Madrid', 1945-05-14, 'M', 'Gestor de Sistemas');
insert into PACIENTE values(4, 916259339, 'Ricardo Vieira', 'Perfeitura de Faro', 1994-09-23, 'O', 'Doutor de Civil');
insert into PACIENTE values(5, 925387519, 'Matilde Luís', 'Bairro de Lisboa', 1970-04-27, 'F', 'Engenheiro de Contas');
insert into PACIENTE values(6, 919456945, 'Angelo Vieira', 'Perfeitura de Madrid', 1949-10-24, 'O', 'Professor de Programas');
insert into PACIENTE values(7, 922527340, 'Afonso Pinheiro', 'Bairro de Marrocos', 1973-10-22, 'F', 'Engenheiro de Programas');
insert into PACIENTE values(8, 912185845, 'Paula Luís', 'Rua de Osaka', 1995-03-09, 'O', 'Secretário de Informática');
insert into PACIENTE values(9, 913135780, 'José Peixe', 'Avenida de Melbourne', 1963-06-27, 'F', 'Doutor de Civil');
insert into PACIENTE values(10, 915661914, 'Jorge Bianca', 'Rua de Berlim', 1990-09-19, 'O', 'Engenheiro de Contas');
insert into PACIENTE values(11, 913410932, 'Ricardo Gigante', 'Rua de Copenhaga', 1994-04-05, 'F', 'Contabilista de Civil');
insert into PACIENTE values(12, 919493511, 'André Pereira', 'Bairro de Faro', 1994-11-20, 'F', 'Secretário de Contas');
insert into PACIENTE values(13, 922572954, 'Matilde Peixe', 'Avenida de Faro', 2005-02-11, 'M', 'Contabilista de Informática');
insert into PACIENTE values(14, 910042934, 'João Peixe', 'Bairro de Melbourne', 1977-06-13, 'M', 'Contabilista de Estados');
insert into PACIENTE values(15, 925801335, 'Pedro Pinheiro', 'Perfeitura de Nova Iorque', 2014-12-12, 'M', 'Advogado de Contas');
insert into PACIENTE values(16, 922013835, 'Elisabete Basílico', 'Rua de Berlim', 1989-04-08, 'O', 'Secretário de Informática');
insert into PACIENTE values(17, 914358744, 'Juliano Bianca', 'Perfeitura de Copenhaga', 2001-09-18, 'O', 'Contabilista de Informática');
insert into PACIENTE values(18, 913371724, 'Júlia Peixe', 'Bairro de Lisboa', 1985-04-09, 'F', 'Doutor de Contas');
insert into PACIENTE values(19, 922709085, 'Anderson Silva', 'Rua de Berlim', 2010-12-19, 'M', 'Doutor de Programas');
insert into PACIENTE values(20, 917509750, 'André Mercedes', 'Rua de Lisboa', 1983-10-27, 'M', 'Gestor de Contas');
insert into PACIENTE values(21, 918187959, 'Francisca Moreira', 'Rua de Roma', 1952-08-18, 'O', 'Professor de Civil');
insert into PACIENTE values(22, 927899824, 'José Vieira', 'Avenida de Roma', 1959-10-08, 'F', 'Doutor de Programas');
insert into PACIENTE values(23, 923327903, 'José Pinheiro', 'Perfeitura de Londres', 1976-09-17, 'M', 'Doutor de Civil');
insert into PACIENTE values(24, 912740291, 'André Barbosa', 'Rua de Roma', 1996-03-19, 'F', 'Professor de Civil');
insert into PACIENTE values(25, 917861393, 'Elisabete Pereira', 'Rua de Marrocos', 2002-05-27, 'F', 'Contabilista de Contas');
insert into PACIENTE values(26, 921813297, 'João Pinheiro', 'Rua de Berlim', 1962-08-02, 'M', 'Doutor de Sistemas');
insert into PACIENTE values(27, 914271624, 'Anabela Guedes', 'Entroncamento de Paris', 1978-01-05, 'F', 'Engenheiro de Sistemas');
insert into PACIENTE values(28, 911325034, 'Guilherme Moreira', 'Perfeitura de Madrid', 1950-12-26, 'M', 'Professor de Estados');
insert into PACIENTE values(29, 914942499, 'André Almeida', 'Bairro de Madrid', 1969-10-27, 'O', 'Secretário de Programas');
insert into PACIENTE values(30, 920129175, 'Afonso Araújo', 'Rua de Roma', 1983-05-06, 'F', 'Doutor de Estados');
insert into PACIENTE values(31, 914819700, 'Matilde Bianca', 'Rua de Berlim', 2006-03-04, 'O', 'Doutor de Sistemas');
insert into PACIENTE values(32, 922998350, 'Afonso Peixe', 'Perfeitura de Madrid', 1999-09-13, 'M', 'Contabilista de Contas');
insert into PACIENTE values(33, 910715965, 'Elisabete Gigante', 'Rua de Berlim', 1964-12-25, 'F', 'Secretário de Sistemas');
insert into PACIENTE values(34, 917696548, 'Elisabete Pinheiro', 'Avenida de Madrid', 2012-12-14, 'M', 'Engenheiro de Programas');
insert into PACIENTE values(35, 928318035, 'Elisabete Abdul', 'Perfeitura de Nova Iorque', 1967-03-07, 'F', 'Secretário de Estados');
insert into PACIENTE values(36, 918669075, 'Elisabete Almeida', 'Avenida de Turim', 1974-05-20, 'O', 'Secretário de Sistemas');
insert into PACIENTE values(37, 928939743, 'Jorge Abdul', 'Perfeitura de Copenhaga', 1977-07-14, 'M', 'Engenheiro de Contas');
insert into PACIENTE values(38, 921129840, 'Angelo Peixe', 'Rua de Matosinhos', 1986-07-03, 'O', 'Doutor de Contas');
insert into PACIENTE values(39, 922791854, 'Elisabete Abdul', 'Entroncamento de Lisboa', 1981-03-05, 'F', 'Contabilista de Informática');
insert into PACIENTE values(40, 926293544, 'Paulo Abdul', 'Rua de Nova Iorque', 1998-07-04, 'M', 'Advogado de Contas');
insert into PACIENTE values(41, 917079514, 'Joana Almeida', 'Entroncamento de Lisboa', 1979-05-26, 'O', 'Gestor de Programas');
insert into PACIENTE values(42, 925974285, 'Francisco Mercedes', 'Entroncamento de Lisboa', 2017-09-18, 'O', 'Doutor de Contas');
insert into PACIENTE values(43, 915182014, 'Paula Bianca', 'Bairro de Berlim', 1969-06-14, 'O', 'Secretário de Programas');
insert into PACIENTE values(44, 919561326, 'Francisca Pereira', 'Rua de Copenhaga', 1965-11-11, 'M', 'Secretário de Programas');
insert into PACIENTE values(45, 921588044, 'João Mercedes', 'Rua de Roma', 2007-07-24, 'O', 'Professor de Informática');
insert into PACIENTE values(46, 915052135, 'Angelo Araújo', 'Entroncamento de Vila Nova', 1966-06-07, 'M', 'Contabilista de Informática');
insert into PACIENTE values(47, 918856073, 'Anabela Pinheiro', 'Bairro de Copenhaga', 1948-06-26, 'F', 'Contabilista de Contas');
insert into PACIENTE values(48, 919345139, 'Ana Pinheiro', 'Entroncamento de Osaka', 1948-03-15, 'F', 'Advogado de Contas');
insert into PACIENTE values(49, 929779917, 'Pedro Barbosa', 'Perfeitura de Osaka', 1996-09-23, 'O', 'Gestor de Sistemas');
insert into PACIENTE values(50, 915031302, 'Joana Barbosa', 'Bairro de Londres', 1951-02-01, 'O', 'Gestor de Sistemas');
insert into PACIENTE values(51, 914720196, 'Afonso Pereira', 'Rua de Faro', 2013-05-15, 'F', 'Gestor de Programas');
insert into PACIENTE values(52, 911052573, 'Francisco Veiga', 'Entroncamento de Lisboa', 1950-10-04, 'F', 'Gestor de Contas');
insert into PACIENTE values(53, 926847199, 'Matilde Cavalheiro', 'Rua de Filadélfia', 1956-09-12, 'O', 'Contabilista de Civil');
insert into PACIENTE values(54, 913477276, 'Anabela Pinheiro', 'Avenida de Marrocos', 1973-03-08, 'F', 'Gestor de Contas');
insert into PACIENTE values(55, 914664125, 'Anderson Silva', 'Perfeitura de Porto', 1998-02-08, 'F', 'Doutor de Civil');
insert into PACIENTE values(56, 910345897, 'João Silva', 'Avenida de Faro', 1970-02-09, 'M', 'Advogado de Civil');
insert into PACIENTE values(57, 923921619, 'Afonso Gigante', 'Bairro de Matosinhos', 2009-08-17, 'M', 'Advogado de Estados');
insert into PACIENTE values(58, 928302477, 'André Pinheiro', 'Rua de Osaka', 2016-01-10, 'O', 'Engenheiro de Contas');
insert into PACIENTE values(59, 923410257, 'Francisca Bianca', 'Perfeitura de Faro', 1950-09-27, 'M', 'Doutor de Civil');
insert into PACIENTE values(60, 920593647, 'Júlia Pinheiro', 'Rua de Melbourne', 2008-02-03, 'M', 'Gestor de Estados');
insert into PACIENTE values(61, 921420638, 'Ana Pereira', 'Bairro de Vila Nova', 2012-02-13, 'M', 'Contabilista de Sistemas');
insert into PACIENTE values(62, 911015031, 'Matilde Pereira', 'Entroncamento de Lisboa', 1988-02-17, 'M', 'Doutor de Sistemas');

insert into PESSOAaCONTACTAR values(63, 945587727, 'Angelo Bianca', 'Perfeitura de Londres', 1950-03-25, 'F');
insert into PESSOAaCONTACTAR values(64, 940123916, 'Pedro Abdul', 'Perfeitura de Paris', 1966-02-06, 'F');
insert into PESSOAaCONTACTAR values(65, 947557330, 'Anderson Pereira', 'Avenida de Copenhaga', 1997-03-22, 'M');
insert into PESSOAaCONTACTAR values(66, 948584192, 'Elisabete Gigante', 'Bairro de Madrid', 1974-06-23, 'O');
insert into PESSOAaCONTACTAR values(67, 936726417, 'Afonso Vieira', 'Bairro de Brasília', 1983-12-16, 'F');
insert into PESSOAaCONTACTAR values(68, 942107732, 'Bernardo Luís', 'Bairro de Xangai', 1977-05-03, 'O');
insert into PESSOAaCONTACTAR values(69, 946219350, 'José Bianca', 'Avenida de Londres', 2004-10-19, 'M');
insert into PESSOAaCONTACTAR values(70, 947700355, 'Francisca Mercedes', 'Bairro de Matosinhos', 1993-03-21, 'F');
insert into PESSOAaCONTACTAR values(71, 930525662, 'Matilde Almeida', 'Entroncamento de Berlim', 1978-06-15, 'M');
insert into PESSOAaCONTACTAR values(72, 938630993, 'Jorge Peixe', 'Entroncamento de Copenhaga', 1954-01-09, 'O');
insert into PESSOAaCONTACTAR values(73, 942951779, 'Joana Almeida', 'Avenida de Berlim', 1983-12-12, 'O');
insert into PESSOAaCONTACTAR values(74, 930215612, 'Anabela Gigante', 'Entroncamento de Berlim', 1976-07-08, 'F');
insert into PESSOAaCONTACTAR values(75, 931628592, 'Anderson Basílico', 'Bairro de Berlim', 2004-11-06, 'M');
insert into PESSOAaCONTACTAR values(76, 940095424, 'Elisabete Abdul', 'Avenida de Copenhaga', 1994-06-24, 'M');
insert into PESSOAaCONTACTAR values(77, 945840487, 'José Moreira', 'Avenida de Melbourne', 1979-07-12, 'O');
insert into PESSOAaCONTACTAR values(78, 946130562, 'Pedro Veiga', 'Rua de Matosinhos', 2002-09-28, 'O');

insert into COLABORADOR values(79, 957680372, 'Ana Cavalheiro', 'Rua de Copenhaga', 2001-06-25, 'O', 'Chefe', null, null);
insert into COLABORADOR values(80, 960705213, 'Elisabete Pinheiro', 'Avenida de Braga', 2008-01-25, 'M', 'Chefe', null, null);
insert into COLABORADOR values(81, 966467555, 'Ana Veiga', 'Entroncamento de Madrid', 1956-11-26, 'O', 'Interino', null, null);
insert into COLABORADOR values(82, 968025229, 'Francisca Pinheiro', 'Bairro de Xangai', 1982-07-04, 'F', 'Ajudante', null, null);
insert into COLABORADOR values(83, 966851520, 'Guilherme Abdul', 'Bairro de Faro', 1980-09-04, 'M', 'Interino', null, null);
insert into COLABORADOR values(84, 968718319, 'Joana Moreira', 'Perfeitura de Londres', 1982-07-16, 'M', 'Sub-Chefe', null, null);
insert into COLABORADOR values(85, 961722941, 'Paulo Vieira', 'Perfeitura de Braga', 2005-07-28, 'O', 'Ajudante', null, null);
insert into COLABORADOR values(86, 965208299, 'Paula Pinheiro', 'Bairro de Nova Iorque', 1960-06-26, 'F', 'Interino', null, null);
insert into COLABORADOR values(87, 968307010, 'Angelo Vieira', 'Perfeitura de Londres', 1957-03-24, 'O', 'Interino', null, null);
insert into COLABORADOR values(88, 950998852, 'José Gigante', 'Entroncamento de Madrid', 1998-08-18, 'F', 'Ajudante', null, null);
insert into COLABORADOR values(89, 964046599, 'João Peixe', 'Entroncamento de Paris', 1960-04-06, 'M', 'Interino', null, null);
insert into COLABORADOR values(90, 964075734, 'Afonso Pereira', 'Entroncamento de Turim', 1955-08-07, 'M', 'Interino', null, null);
insert into COLABORADOR values(91, 954479578, 'Bernardo Guedes', 'Rua de Copenhaga', 1974-11-14, 'F', 'Interino', null, null);
insert into COLABORADOR values(92, 968240704, 'João Luís', 'Perfeitura de Faro', 1946-06-18, 'M', 'Chefe', null, null);
insert into COLABORADOR values(93, 953213032, 'Anderson Veiga', 'Rua de Granada', 1993-03-20, 'F', 'Sub-Chefe', null, null);
insert into COLABORADOR values(94, 962702075, 'Ana Barbosa', 'Entroncamento de Granada', 1950-09-13, 'F', 'Chefe', null, null);
insert into COLABORADOR values(95, 952305477, 'João Pinheiro', 'Perfeitura de Roma', 2004-04-15, 'F', 'Sub-Chefe', null, null);
insert into COLABORADOR values(96, 967299254, 'Elisabete Cavalheiro', 'Avenida de Braga', 2015-04-28, 'O', 'Ajudante', null, null);
insert into COLABORADOR values(97, 962598609, 'Paulo Araújo', 'Rua de Brasília', 2015-05-08, 'O', 'Chefe', null, null);
insert into COLABORADOR values(98, 956414891, 'José Moreira', 'Entroncamento de Paris', 2011-08-15, 'F', 'Chefe', null, null);
insert into COLABORADOR values(99, 955905424, 'Francisco Pinheiro', 'Perfeitura de Roma', 1980-06-02, 'O', 'Sub-Chefe', null, null);
insert into COLABORADOR values(100, 955733502, 'Bernardo Moreira', 'Avenida de Xangai', 2001-06-27, 'M', 'Chefe', null, null);
insert into COLABORADOR values(101, 956716719, 'Angelo Veiga', 'Perfeitura de Matosinhos', 2017-05-23, 'O', 'Interino', null, null);
insert into COLABORADOR values(102, 956775295, 'Paulo Araújo', 'Perfeitura de Londres', 1993-02-28, 'M', 'Chefe', null, null);
insert into COLABORADOR values(103, 969956767, 'Guilherme Almeida', 'Entroncamento de Londres', 2011-09-03, 'M', 'Chefe', null, null);
insert into COLABORADOR values(104, 956488633, 'André Araújo', 'Avenida de Braga', 1945-05-11, 'O', 'Ajudante', null, null);
insert into COLABORADOR values(105, 968817898, 'João Gigante', 'Entroncamento de Madrid', 2007-05-14, 'O', 'Sub-Chefe', null, null);
insert into COLABORADOR values(106, 967699365, 'Bernardo Bianca', 'Perfeitura de Filadélfia', 1945-12-08, 'M', 'Sub-Chefe', null, null);
insert into COLABORADOR values(107, 958353136, 'Ana Cavalheiro', 'Avenida de Faro', 1989-09-23, 'O', 'Interino', null, null);
insert into COLABORADOR values(108, 951270213, 'João Vieira', 'Avenida de Granada', 1993-08-19, 'F', 'Interino', null, null);
insert into COLABORADOR values(109, 950416958, 'Francisco Gigante', 'Entroncamento de Brasília', 1985-09-24, 'O', 'Interino', null, null);
insert into COLABORADOR values(110, 969940233, 'Joana Abdul', 'Entroncamento de Copenhaga', 2005-04-27, 'F', 'Interino', null, null);
insert into COLABORADOR values(111, 954527059, 'Juliano Araújo', 'Avenida de Granada', 1977-06-02, 'O', 'Chefe', null, null);
insert into COLABORADOR values(112, 961559237, 'Elisabete Silva', 'Avenida de Melbourne', 2003-12-06, 'F', 'Sub-Chefe', null, null);
insert into COLABORADOR values(113, 969691952, 'Afonso Peixe', 'Avenida de Brasília', 1974-07-06, 'M', 'Chefe', null, null);
insert into COLABORADOR values(114, 962193652, 'Bernardo Veiga', 'Bairro de Copenhaga', 1979-06-09, 'O', 'Sub-Chefe', null, null);
insert into COLABORADOR values(115, 958372499, 'João Vieira', 'Rua de Porto', 2016-03-12, 'F', 'Interino', null, null);
insert into COLABORADOR values(116, 954014917, 'Jorge Basílico', 'Bairro de Filadélfia', 1998-03-18, 'O', 'Chefe', null, null);
insert into COLABORADOR values(117, 965756797, 'Pedro Abdul', 'Avenida de Xangai', 1997-11-19, 'M', 'Chefe', null, null);

insert into COLABORADOR values(118, 950179254, 'Francisco Guedes', 'Perfeitura de Vila Nova', 2010-11-22, 'O', null, 'Bacalhau com Broa', null);
insert into COLABORADOR values(119, 957022878, 'Paula Bianca', 'Entroncamento de Xangai', 2001-04-02, 'O', null, 'Tripas à Moda do Porto', null);
insert into COLABORADOR values(120, 955621906, 'André Barbosa', 'Avenida de Brasília', 1952-05-22, 'O', null, 'Tripas à Moda do Porto', null);
insert into COLABORADOR values(121, 968091204, 'Bernardo Pinheiro', 'Bairro de Xangai', 1982-11-07, 'O', null, 'Torresmos', null);
insert into COLABORADOR values(122, 956549716, 'Francisca Bianca', 'Entroncamento de Matosinhos', 1957-06-14, 'O', null, 'Tripas à Moda do Porto', null);
insert into COLABORADOR values(123, 969778153, 'João Moreira', 'Entroncamento de Berlim', 1979-10-13, 'O', null, 'Fígado de Cebolada', null);
insert into COLABORADOR values(124, 951044146, 'João Luís', 'Entroncamento de Paris', 1996-10-28, 'M', null, 'Torresmos', null);
insert into COLABORADOR values(125, 966386168, 'Júlia Pinheiro', 'Avenida de Braga', 1986-07-10, 'M', null, 'Bacalhau com Broa', null);
insert into COLABORADOR values(126, 960812659, 'André Pereira', 'Perfeitura de Londres', 1994-12-15, 'F', null, 'Tripas à Moda do Porto', null);
insert into COLABORADOR values(127, 958074734, 'Bernardo Peixe', 'Bairro de Faro', 1990-10-16, 'F', null, 'Tripas à Moda do Porto', null);
insert into COLABORADOR values(128, 957814535, 'Matilde Cavalheiro', 'Perfeitura de Londres', 1981-02-12, 'M', null, 'Camarão da Costa', null);
insert into COLABORADOR values(129, 958194086, 'José Moreira', 'Rua de Copenhaga', 1970-12-22, 'M', null, 'Bacalhau com Broa', null);
insert into COLABORADOR values(130, 962685771, 'Matilde Silva', 'Entroncamento de Nova Iorque', 1947-09-21, 'M', null, 'Tripas à Moda do Porto', null);
insert into COLABORADOR values(131, 952202277, 'Anderson Silva', 'Entroncamento de Copenhaga', 1968-10-16, 'M', null, 'Porco Assado', null);
insert into COLABORADOR values(132, 964874823, 'Júlia Pereira', 'Entroncamento de Copenhaga', 2014-09-13, 'F', null, 'Torresmos', null);
insert into COLABORADOR values(133, 968840839, 'André Veiga', 'Perfeitura de Londres', 1982-11-15, 'M', null, 'Torresmos', null);
insert into COLABORADOR values(134, 956832423, 'Paulo Cavalheiro', 'Avenida de Porto', 1991-05-24, 'F', null, 'Fígado de Cebolada', null);
insert into COLABORADOR values(135, 956317470, 'Pedro Mercedes', 'Perfeitura de Nova Iorque', 1988-02-02, 'M', null, 'Torresmos', null);
insert into COLABORADOR values(136, 958244982, 'Francisca Vieira', 'Entroncamento de Filadélfia', 1966-11-05, 'M', null, 'Porco Assado', null);
insert into COLABORADOR values(137, 955573213, 'Guilherme Peixe', 'Bairro de Paris', 1993-03-24, 'O', null, 'Bacalhau com Broa', null);
insert into COLABORADOR values(138, 961684199, 'Afonso Luís', 'Perfeitura de Matosinhos', 1996-09-04, 'M', null, 'Torresmos', null);
insert into COLABORADOR values(139, 960889595, 'Ricardo Basílico', 'Entroncamento de Paris', 1990-02-19, 'O', null, 'Torresmos', null);
insert into COLABORADOR values(140, 955604628, 'Paula Silva', 'Entroncamento de Nova Iorque', 2010-02-13, 'F', null, 'Tripas à Moda do Porto', null);
insert into COLABORADOR values(141, 969071308, 'Matilde Pinheiro', 'Avenida de Matosinhos', 1997-05-08, 'F', null, 'Camarão da Costa', null);
insert into COLABORADOR values(142, 969212756, 'Júlia Pereira', 'Entroncamento de Londres', 2001-06-07, 'F', null, 'Torresmos', null);
insert into COLABORADOR values(143, 965089274, 'Matilde Basílico', 'Avenida de Braga', 1979-02-20, 'O', null, 'Porco Assado', null);
insert into COLABORADOR values(144, 968795217, 'Francisca Araújo', 'Bairro de Xangai', 1994-01-04, 'M', null, 'Torresmos', null);
insert into COLABORADOR values(145, 963122889, 'Angelo Abdul', 'Perfeitura de Londres', 1946-11-10, 'F', null, 'Torresmos', null);
insert into COLABORADOR values(146, 957095385, 'Matilde Moreira', 'Perfeitura de Londres', 1983-01-21, 'M', null, 'Bacalhau com Broa', null);
insert into COLABORADOR values(147, 964257978, 'Francisco Luís', 'Entroncamento de Turim', 2014-11-04, 'M', null, 'Camarão da Costa', null);
insert into COLABORADOR values(148, 959806808, 'Joana Veiga', 'Avenida de Porto', 1968-07-15, 'M', null, 'Tripas à Moda do Porto', null);
insert into COLABORADOR values(149, 951300372, 'Elisabete Almeida', 'Perfeitura de Filadélfia', 1945-08-19, 'O', null, 'Fígado de Cebolada', null);
insert into COLABORADOR values(150, 952330233, 'Ana Abdul', 'Rua de Xangai', 1978-12-10, 'O', null, 'Bacalhau com Broa', null);
insert into COLABORADOR values(151, 954581877, 'Paulo Cavalheiro', 'Entroncamento de Nova Iorque', 1953-05-08, 'O', null, 'Fígado de Cebolada', null);
insert into COLABORADOR values(152, 956390858, 'Juliano Barbosa', 'Entroncamento de Berlim', 1945-09-27, 'O', null, 'Tripas à Moda do Porto', null);
insert into COLABORADOR values(153, 965112088, 'Juliano Veiga', 'Entroncamento de Vila Nova', 1996-04-09, 'O', null, 'Porco Assado', null);
insert into COLABORADOR values(154, 963029386, 'Bernardo Peixe', 'Entroncamento de Nova Iorque', 1950-10-26, 'F', null, 'Tripas à Moda do Porto', null);
insert into COLABORADOR values(155, 967916623, 'Angelo Araújo', 'Rua de Londres', 1977-03-25, 'M', null, 'Porco Assado', null);
insert into COLABORADOR values(156, 965839231, 'Francisco Pinheiro', 'Avenida de Porto', 1968-07-16, 'O', null, 'Fígado de Cebolada', null);

insert into COLABORADOR values(157, 955811253, 'Francisca Gigante', 'Bairro de Roma', 1988-07-28, 'O', null, null, 5);
insert into COLABORADOR values(158, 958646382, 'Paula Silva', 'Entroncamento de Copenhaga', 1983-11-19, 'O', null, null, 6);
insert into COLABORADOR values(159, 962537023, 'Paulo Almeida', 'Avenida de Melbourne', 1987-06-05, 'O', null, null, 5);
insert into COLABORADOR values(160, 964473761, 'Elisabete Abdul', 'Rua de Porto', 1988-04-02, 'O', null, null, 4);
insert into COLABORADOR values(161, 965934780, 'Juliano Pereira', 'Entroncamento de Matosinhos', 1995-04-24, 'F', null, null, 3);
insert into COLABORADOR values(162, 952246669, 'José Almeida', 'Rua de Brasília', 1998-02-22, 'M', null, null, 2);
insert into COLABORADOR values(163, 953971078, 'João Mercedes', 'Entroncamento de Nova Iorque', 1989-09-28, 'F', null, null, 6);
insert into COLABORADOR values(164, 964287642, 'Francisco Silva', 'Avenida de Vila Nova', 1950-01-25, 'O', null, null, 4);
insert into COLABORADOR values(165, 951154066, 'Matilde Cavalheiro', 'Entroncamento de Copenhaga', 1965-05-03, 'F', null, null, 4);
insert into COLABORADOR values(166, 951747222, 'Juliano Bianca', 'Entroncamento de Copenhaga', 1969-11-13, 'F', null, null, 5);
insert into COLABORADOR values(167, 951271707, 'Júlia Vieira', 'Rua de Madrid', 1996-08-20, 'F', null, null, 3);
insert into COLABORADOR values(168, 957389167, 'Paula Pinheiro', 'Rua de Faro', 1979-02-22, 'M', null, null, 3);
insert into COLABORADOR values(169, 951773041, 'Anabela Basílico', 'Bairro de Filadélfia', 1964-09-05, 'O', null, null, 3);
insert into COLABORADOR values(170, 961492865, 'Elisabete Abdul', 'Bairro de Roma', 2013-11-05, 'M', null, null, 3);
insert into COLABORADOR values(171, 958662786, 'Bernardo Basílico', 'Rua de Xangai', 1999-07-13, 'M', null, null, 2);
insert into COLABORADOR values(172, 962033407, 'Paula Barbosa', 'Bairro de Turim', 1947-02-07, 'O', null, null, 2);
insert into COLABORADOR values(173, 959842422, 'Paula Vieira', 'Avenida de Melbourne', 1971-10-07, 'O', null, null, 2);
insert into COLABORADOR values(174, 956414393, 'Elisabete Guedes', 'Rua de Lisboa', 2003-03-27, 'F', null, null, 4);
insert into COLABORADOR values(175, 953050837, 'Afonso Pinheiro', 'Perfeitura de Filadélfia', 1968-03-02, 'O', null, null, 1);
insert into COLABORADOR values(176, 950696379, 'Afonso Veiga', 'Entroncamento de Turim', 1971-05-24, 'F', null, null, 5);
insert into COLABORADOR values(177, 958315406, 'Paula Almeida', 'Avenida de Braga', 1978-01-28, 'M', null, null, 2);
insert into COLABORADOR values(178, 962410508, 'Paulo Gigante', 'Avenida de Porto', 1982-01-27, 'F', null, null, 3);
insert into COLABORADOR values(179, 950218729, 'Jorge Almeida', 'Rua de Faro', 2015-08-15, 'M', null, null, 6);
insert into COLABORADOR values(180, 969614289, 'Pedro Pinheiro', 'Perfeitura de Vila Nova', 1995-12-01, 'O', null, null, 6);
insert into COLABORADOR values(181, 968503011, 'Paulo Cavalheiro', 'Avenida de Braga', 1981-01-19, 'M', null, null, 1);
insert into COLABORADOR values(182, 952506482, 'José Gigante', 'Rua de Filadélfia', 2007-01-05, 'M', null, null, 4);
insert into COLABORADOR values(183, 952710428, 'Anabela Guedes', 'Avenida de Melbourne', 2010-09-08, 'O', null, null, 3);
insert into COLABORADOR values(184, 964533299, 'Juliano Mercedes', 'Rua de Vila Nova', 1977-01-02, 'M', null, null, 5);
insert into COLABORADOR values(185, 951722695, 'Paula Basílico', 'Entroncamento de Berlim', 1987-06-16, 'M', null, null, 4);
insert into COLABORADOR values(186, 951265373, 'Afonso Barbosa', 'Perfeitura de Lisboa', 1987-09-19, 'F', null, null, 5);
insert into COLABORADOR values(187, 955972592, 'Anderson Luís', 'Rua de Porto', 2016-06-19, 'O', null, null, 6);
insert into COLABORADOR values(188, 957093617, 'Jorge Vieira', 'Bairro de Xangai', 2006-08-12, 'O', null, null, 4);
insert into COLABORADOR values(189, 957867437, 'Júlia Luís', 'Entroncamento de Brasília', 1971-05-12, 'O', null, null, 3);
insert into COLABORADOR values(190, 964753798, 'Paula Veiga', 'Entroncamento de Matosinhos', 1982-07-07, 'F', null, null, 2);
insert into COLABORADOR values(191, 968885889, 'Guilherme Araújo', 'Avenida de Berlim', 1984-03-18, 'O', null, null, 5);
insert into COLABORADOR values(192, 966113525, 'João Almeida', 'Entroncamento de Vila Nova', 1951-10-28, 'M', null, null, 3);
insert into COLABORADOR values(193, 952128748, 'Joana Gigante', 'Perfeitura de Vila Nova', 1998-06-20, 'O', null, null, 4);
insert into COLABORADOR values(194, 964749318, 'Anabela Peixe', 'Entroncamento de Nova Iorque', 2013-10-06, 'F', null, null, 1);
insert into COLABORADOR values(195, 956001184, 'Anabela Pereira', 'Perfeitura de Berlim', 1993-12-28, 'F', null, null, 3);

insert into GRAUdePARENTESCO values(1, 68);
insert into GRAUdePARENTESCO values(2, 70);
insert into GRAUdePARENTESCO values(3, 63);
insert into GRAUdePARENTESCO values(4, 69);
insert into GRAUdePARENTESCO values(5, 78);
insert into GRAUdePARENTESCO values(6, 74);
insert into GRAUdePARENTESCO values(7, 68);
insert into GRAUdePARENTESCO values(8, 69);
insert into GRAUdePARENTESCO values(9, 73);
insert into GRAUdePARENTESCO values(10, 72);
insert into GRAUdePARENTESCO values(11, 65);
insert into GRAUdePARENTESCO values(12, 64);
insert into GRAUdePARENTESCO values(13, 64);
insert into GRAUdePARENTESCO values(14, 78);
insert into GRAUdePARENTESCO values(15, 65);
insert into GRAUdePARENTESCO values(16, 76);
insert into GRAUdePARENTESCO values(17, 75);
insert into GRAUdePARENTESCO values(18, 74);
insert into GRAUdePARENTESCO values(19, 68);
insert into GRAUdePARENTESCO values(20, 78);
insert into GRAUdePARENTESCO values(21, 75);
insert into GRAUdePARENTESCO values(22, 63);
insert into GRAUdePARENTESCO values(23, 70);
insert into GRAUdePARENTESCO values(24, 63);
insert into GRAUdePARENTESCO values(25, 74);
insert into GRAUdePARENTESCO values(26, 73);
insert into GRAUdePARENTESCO values(27, 72);
insert into GRAUdePARENTESCO values(28, 78);
insert into GRAUdePARENTESCO values(29, 74);
insert into GRAUdePARENTESCO values(30, 73);
insert into GRAUdePARENTESCO values(31, 68);
insert into GRAUdePARENTESCO values(32, 66);
insert into GRAUdePARENTESCO values(33, 74);
insert into GRAUdePARENTESCO values(34, 70);
insert into GRAUdePARENTESCO values(35, 78);
insert into GRAUdePARENTESCO values(36, 66);
insert into GRAUdePARENTESCO values(37, 74);
insert into GRAUdePARENTESCO values(38, 69);
insert into GRAUdePARENTESCO values(39, 70);
insert into GRAUdePARENTESCO values(40, 65);
insert into GRAUdePARENTESCO values(41, 71);
insert into GRAUdePARENTESCO values(42, 67);
insert into GRAUdePARENTESCO values(43, 66);
insert into GRAUdePARENTESCO values(44, 73);
insert into GRAUdePARENTESCO values(45, 78);
insert into GRAUdePARENTESCO values(46, 76);
insert into GRAUdePARENTESCO values(47, 72);
insert into GRAUdePARENTESCO values(48, 66);
insert into GRAUdePARENTESCO values(49, 78);
insert into GRAUdePARENTESCO values(50, 71);
insert into GRAUdePARENTESCO values(51, 72);
insert into GRAUdePARENTESCO values(52, 65);
insert into GRAUdePARENTESCO values(53, 75);
insert into GRAUdePARENTESCO values(54, 73);
insert into GRAUdePARENTESCO values(55, 64);
insert into GRAUdePARENTESCO values(56, 72);
insert into GRAUdePARENTESCO values(57, 67);
insert into GRAUdePARENTESCO values(58, 69);
insert into GRAUdePARENTESCO values(59, 63);
insert into GRAUdePARENTESCO values(60, 66);
insert into GRAUdePARENTESCO values(61, 72);
insert into GRAUdePARENTESCO values(62, 76);

insert into PacienteSegurosPatologia values(1, 4, 29);
insert into PacienteSegurosPatologia values(2, 8, 24);
insert into PacienteSegurosPatologia values(3, 8, 13);
insert into PacienteSegurosPatologia values(4, 10, 32);
insert into PacienteSegurosPatologia values(5, 10, 17);
insert into PacienteSegurosPatologia values(6, 8, 31);
insert into PacienteSegurosPatologia values(7, 4, 14);
insert into PacienteSegurosPatologia values(8, 11, 26);
insert into PacienteSegurosPatologia values(9, 4, 36);
insert into PacienteSegurosPatologia values(10, 8, 35);
insert into PacienteSegurosPatologia values(11, 10, 12);
insert into PacienteSegurosPatologia values(12, 11, 24);
insert into PacienteSegurosPatologia values(13, 5, 6);
insert into PacienteSegurosPatologia values(14, 9, 10);
insert into PacienteSegurosPatologia values(15, 4, 23);
insert into PacienteSegurosPatologia values(16, 12, 8);
insert into PacienteSegurosPatologia values(17, 11, 10);
insert into PacienteSegurosPatologia values(18, 6, 24);
insert into PacienteSegurosPatologia values(19, 4, 5);
insert into PacienteSegurosPatologia values(20, 2, 13);
insert into PacienteSegurosPatologia values(21, 1, 8);
insert into PacienteSegurosPatologia values(22, 2, 32);
insert into PacienteSegurosPatologia values(23, 2, 4);
insert into PacienteSegurosPatologia values(24, 12, 18);
insert into PacienteSegurosPatologia values(25, 2, 35);
insert into PacienteSegurosPatologia values(26, 10, 3);
insert into PacienteSegurosPatologia values(27, 10, 26);
insert into PacienteSegurosPatologia values(28, 3, 10);
insert into PacienteSegurosPatologia values(29, 6, 36);
insert into PacienteSegurosPatologia values(30, 3, 34);
insert into PacienteSegurosPatologia values(31, 1, 11);
insert into PacienteSegurosPatologia values(32, 5, 14);
insert into PacienteSegurosPatologia values(33, 8, 1);
insert into PacienteSegurosPatologia values(34, 1, 27);
insert into PacienteSegurosPatologia values(35, 1, 12);
insert into PacienteSegurosPatologia values(36, 8, 5);
insert into PacienteSegurosPatologia values(37, 2, 2);
insert into PacienteSegurosPatologia values(38, 12, 30);
insert into PacienteSegurosPatologia values(39, 10, 10);
insert into PacienteSegurosPatologia values(40, 6, 6);
insert into PacienteSegurosPatologia values(41, 2, 13);
insert into PacienteSegurosPatologia values(42, 3, 15);
insert into PacienteSegurosPatologia values(43, 12, 28);
insert into PacienteSegurosPatologia values(44, 1, 20);
insert into PacienteSegurosPatologia values(45, 6, 3);
insert into PacienteSegurosPatologia values(46, 7, 27);
insert into PacienteSegurosPatologia values(47, 9, 38);
insert into PacienteSegurosPatologia values(48, 1, 14);
insert into PacienteSegurosPatologia values(49, 8, 35);
insert into PacienteSegurosPatologia values(50, 11, 9);
insert into PacienteSegurosPatologia values(51, 10, 23);
insert into PacienteSegurosPatologia values(52, 12, 19);
insert into PacienteSegurosPatologia values(53, 2, 6);
insert into PacienteSegurosPatologia values(54, 7, 11);
insert into PacienteSegurosPatologia values(55, 12, 35);
insert into PacienteSegurosPatologia values(56, 8, 20);
insert into PacienteSegurosPatologia values(57, 4, 10);
insert into PacienteSegurosPatologia values(58, 6, 26);
insert into PacienteSegurosPatologia values(59, 12, 30);
insert into PacienteSegurosPatologia values(60, 4, 17);
insert into PacienteSegurosPatologia values(61, 2, 2);
insert into PacienteSegurosPatologia values(62, 4, 13);

insert into DATAdeNASCIMENTO values(1945-05-11, 76);
insert into DATAdeNASCIMENTO values(1945-05-14, 76);
insert into DATAdeNASCIMENTO values(1945-08-19, 76);
insert into DATAdeNASCIMENTO values(1945-09-27, 76);
insert into DATAdeNASCIMENTO values(1945-12-08, 76);
insert into DATAdeNASCIMENTO values(1946-06-18, 75);
insert into DATAdeNASCIMENTO values(1946-11-10, 75);
insert into DATAdeNASCIMENTO values(1947-02-07, 74);
insert into DATAdeNASCIMENTO values(1947-09-21, 74);
insert into DATAdeNASCIMENTO values(1948-03-15, 73);
insert into DATAdeNASCIMENTO values(1948-06-26, 73);
insert into DATAdeNASCIMENTO values(1949-10-24, 72);
insert into DATAdeNASCIMENTO values(1950-01-25, 71);
insert into DATAdeNASCIMENTO values(1950-03-25, 71);
insert into DATAdeNASCIMENTO values(1950-09-13, 71);
insert into DATAdeNASCIMENTO values(1950-09-27, 71);
insert into DATAdeNASCIMENTO values(1950-10-04, 71);
insert into DATAdeNASCIMENTO values(1950-10-26, 71);
insert into DATAdeNASCIMENTO values(1950-12-26, 71);
insert into DATAdeNASCIMENTO values(1951-02-01, 70);
insert into DATAdeNASCIMENTO values(1951-10-28, 70);
insert into DATAdeNASCIMENTO values(1952-05-22, 69);
insert into DATAdeNASCIMENTO values(1952-08-18, 69);
insert into DATAdeNASCIMENTO values(1953-05-08, 68);
insert into DATAdeNASCIMENTO values(1954-01-09, 67);
insert into DATAdeNASCIMENTO values(1955-08-07, 66);
insert into DATAdeNASCIMENTO values(1956-09-12, 65);
insert into DATAdeNASCIMENTO values(1956-11-26, 65);
insert into DATAdeNASCIMENTO values(1957-03-24, 64);
insert into DATAdeNASCIMENTO values(1957-06-14, 64);
insert into DATAdeNASCIMENTO values(1959-10-08, 62);
insert into DATAdeNASCIMENTO values(1960-04-06, 61);
insert into DATAdeNASCIMENTO values(1960-06-26, 61);
insert into DATAdeNASCIMENTO values(1962-08-02, 59);
insert into DATAdeNASCIMENTO values(1963-06-27, 58);
insert into DATAdeNASCIMENTO values(1964-09-05, 57);
insert into DATAdeNASCIMENTO values(1964-12-25, 57);
insert into DATAdeNASCIMENTO values(1965-05-03, 56);
insert into DATAdeNASCIMENTO values(1965-11-11, 56);
insert into DATAdeNASCIMENTO values(1966-02-06, 55);
insert into DATAdeNASCIMENTO values(1966-06-07, 55);
insert into DATAdeNASCIMENTO values(1966-11-05, 55);
insert into DATAdeNASCIMENTO values(1967-03-07, 54);
insert into DATAdeNASCIMENTO values(1968-03-02, 53);
insert into DATAdeNASCIMENTO values(1968-07-15, 53);
insert into DATAdeNASCIMENTO values(1968-07-16, 53);
insert into DATAdeNASCIMENTO values(1968-10-16, 53);
insert into DATAdeNASCIMENTO values(1969-06-14, 52);
insert into DATAdeNASCIMENTO values(1969-09-13, 52);
insert into DATAdeNASCIMENTO values(1969-10-27, 52);
insert into DATAdeNASCIMENTO values(1969-11-13, 52);
insert into DATAdeNASCIMENTO values(1970-02-09, 51);
insert into DATAdeNASCIMENTO values(1970-04-27, 51);
insert into DATAdeNASCIMENTO values(1970-12-22, 51);
insert into DATAdeNASCIMENTO values(1971-05-12, 50);
insert into DATAdeNASCIMENTO values(1971-05-24, 50);
insert into DATAdeNASCIMENTO values(1971-10-07, 50);
insert into DATAdeNASCIMENTO values(1973-03-08, 48);
insert into DATAdeNASCIMENTO values(1973-10-22, 48);
insert into DATAdeNASCIMENTO values(1974-05-20, 47);
insert into DATAdeNASCIMENTO values(1974-06-23, 47);
insert into DATAdeNASCIMENTO values(1974-07-06, 47);
insert into DATAdeNASCIMENTO values(1974-11-14, 47);
insert into DATAdeNASCIMENTO values(1976-07-08, 45);
insert into DATAdeNASCIMENTO values(1976-09-17, 45);
insert into DATAdeNASCIMENTO values(1977-01-02, 44);
insert into DATAdeNASCIMENTO values(1977-03-25, 44);
insert into DATAdeNASCIMENTO values(1977-05-03, 44);
insert into DATAdeNASCIMENTO values(1977-06-02, 44);
insert into DATAdeNASCIMENTO values(1977-06-13, 44);
insert into DATAdeNASCIMENTO values(1977-07-14, 44);
insert into DATAdeNASCIMENTO values(1978-01-05, 43);
insert into DATAdeNASCIMENTO values(1978-01-28, 43);
insert into DATAdeNASCIMENTO values(1978-06-15, 43);
insert into DATAdeNASCIMENTO values(1978-12-10, 43);
insert into DATAdeNASCIMENTO values(1979-02-20, 42);
insert into DATAdeNASCIMENTO values(1979-02-22, 42);
insert into DATAdeNASCIMENTO values(1979-05-26, 42);
insert into DATAdeNASCIMENTO values(1979-06-09, 42);
insert into DATAdeNASCIMENTO values(1979-07-12, 42);
insert into DATAdeNASCIMENTO values(1979-10-13, 42);
insert into DATAdeNASCIMENTO values(1980-06-02, 41);
insert into DATAdeNASCIMENTO values(1980-09-04, 41);
insert into DATAdeNASCIMENTO values(1981-01-19, 40);
insert into DATAdeNASCIMENTO values(1981-02-12, 40);
insert into DATAdeNASCIMENTO values(1981-03-05, 40);
insert into DATAdeNASCIMENTO values(1982-01-27, 39);
insert into DATAdeNASCIMENTO values(1982-07-04, 39);
insert into DATAdeNASCIMENTO values(1982-07-07, 39);
insert into DATAdeNASCIMENTO values(1982-07-16, 39);
insert into DATAdeNASCIMENTO values(1982-11-07, 39);
insert into DATAdeNASCIMENTO values(1982-11-15, 39);
insert into DATAdeNASCIMENTO values(1983-01-21, 38);
insert into DATAdeNASCIMENTO values(1983-05-06, 38);
insert into DATAdeNASCIMENTO values(1983-10-27, 38);
insert into DATAdeNASCIMENTO values(1983-11-19, 38);
insert into DATAdeNASCIMENTO values(1983-12-12, 38);
insert into DATAdeNASCIMENTO values(1983-12-16, 38);
insert into DATAdeNASCIMENTO values(1984-03-18, 37);
insert into DATAdeNASCIMENTO values(1985-04-09, 36);
insert into DATAdeNASCIMENTO values(1985-09-24, 36);
insert into DATAdeNASCIMENTO values(1986-07-03, 35);
insert into DATAdeNASCIMENTO values(1986-07-10, 35);
insert into DATAdeNASCIMENTO values(1987-06-05, 34);
insert into DATAdeNASCIMENTO values(1987-06-16, 34);
insert into DATAdeNASCIMENTO values(1987-09-19, 34);
insert into DATAdeNASCIMENTO values(1988-02-02, 33);
insert into DATAdeNASCIMENTO values(1988-02-17, 33);
insert into DATAdeNASCIMENTO values(1988-04-02, 33);
insert into DATAdeNASCIMENTO values(1988-07-28, 33);
insert into DATAdeNASCIMENTO values(1989-04-08, 32);
insert into DATAdeNASCIMENTO values(1989-09-23, 32);
insert into DATAdeNASCIMENTO values(1989-09-28, 32);
insert into DATAdeNASCIMENTO values(1990-02-19, 31);
insert into DATAdeNASCIMENTO values(1990-09-19, 31);
insert into DATAdeNASCIMENTO values(1990-10-16, 31);
insert into DATAdeNASCIMENTO values(1991-05-24, 30);
insert into DATAdeNASCIMENTO values(1993-02-28, 28);
insert into DATAdeNASCIMENTO values(1993-03-20, 28);
insert into DATAdeNASCIMENTO values(1993-03-21, 28);
insert into DATAdeNASCIMENTO values(1993-03-24, 28);
insert into DATAdeNASCIMENTO values(1993-08-19, 28);
insert into DATAdeNASCIMENTO values(1993-12-28, 28);
insert into DATAdeNASCIMENTO values(1994-01-04, 27);
insert into DATAdeNASCIMENTO values(1994-04-05, 27);
insert into DATAdeNASCIMENTO values(1994-06-24, 27);
insert into DATAdeNASCIMENTO values(1994-09-23, 27);
insert into DATAdeNASCIMENTO values(1994-11-20, 27);
insert into DATAdeNASCIMENTO values(1994-12-15, 27);
insert into DATAdeNASCIMENTO values(1995-03-09, 26);
insert into DATAdeNASCIMENTO values(1995-04-24, 26);
insert into DATAdeNASCIMENTO values(1995-12-01, 26);
insert into DATAdeNASCIMENTO values(1996-03-19, 25);
insert into DATAdeNASCIMENTO values(1996-04-09, 25);
insert into DATAdeNASCIMENTO values(1996-08-20, 25);
insert into DATAdeNASCIMENTO values(1996-09-04, 25);
insert into DATAdeNASCIMENTO values(1996-09-23, 25);
insert into DATAdeNASCIMENTO values(1996-10-28, 25);
insert into DATAdeNASCIMENTO values(1997-03-22, 24);
insert into DATAdeNASCIMENTO values(1997-05-08, 24);
insert into DATAdeNASCIMENTO values(1997-11-19, 24);
insert into DATAdeNASCIMENTO values(1998-02-08, 23);
insert into DATAdeNASCIMENTO values(1998-02-22, 23);
insert into DATAdeNASCIMENTO values(1998-03-18, 23);
insert into DATAdeNASCIMENTO values(1998-06-20, 23);
insert into DATAdeNASCIMENTO values(1998-07-04, 23);
insert into DATAdeNASCIMENTO values(1998-08-18, 23);
insert into DATAdeNASCIMENTO values(1999-07-13, 22);
insert into DATAdeNASCIMENTO values(1999-09-13, 22);
insert into DATAdeNASCIMENTO values(2001-04-02, 20);
insert into DATAdeNASCIMENTO values(2001-06-07, 20);
insert into DATAdeNASCIMENTO values(2001-06-25, 20);
insert into DATAdeNASCIMENTO values(2001-06-27, 20);
insert into DATAdeNASCIMENTO values(2001-09-18, 20);
insert into DATAdeNASCIMENTO values(2002-05-27, 19);
insert into DATAdeNASCIMENTO values(2002-09-28, 19);
insert into DATAdeNASCIMENTO values(2003-03-27, 18);
insert into DATAdeNASCIMENTO values(2003-12-06, 18);
insert into DATAdeNASCIMENTO values(2004-04-15, 17);
insert into DATAdeNASCIMENTO values(2004-10-19, 17);
insert into DATAdeNASCIMENTO values(2004-11-06, 17);
insert into DATAdeNASCIMENTO values(2004-12-03, 17);
insert into DATAdeNASCIMENTO values(2005-02-11, 16);
insert into DATAdeNASCIMENTO values(2005-04-27, 16);
insert into DATAdeNASCIMENTO values(2005-07-28, 16);
insert into DATAdeNASCIMENTO values(2006-03-04, 15);
insert into DATAdeNASCIMENTO values(2006-08-12, 15);
insert into DATAdeNASCIMENTO values(2007-01-05, 14);
insert into DATAdeNASCIMENTO values(2007-05-14, 14);
insert into DATAdeNASCIMENTO values(2007-07-24, 14);
insert into DATAdeNASCIMENTO values(2008-01-25, 13);
insert into DATAdeNASCIMENTO values(2008-02-03, 13);
insert into DATAdeNASCIMENTO values(2009-08-17, 12);
insert into DATAdeNASCIMENTO values(2010-02-13, 11);
insert into DATAdeNASCIMENTO values(2010-09-08, 11);
insert into DATAdeNASCIMENTO values(2010-11-22, 11);
insert into DATAdeNASCIMENTO values(2010-12-19, 11);
insert into DATAdeNASCIMENTO values(2011-08-15, 10);
insert into DATAdeNASCIMENTO values(2011-09-03, 10);
insert into DATAdeNASCIMENTO values(2012-02-13, 9);
insert into DATAdeNASCIMENTO values(2012-12-14, 9);
insert into DATAdeNASCIMENTO values(2013-05-15, 8);
insert into DATAdeNASCIMENTO values(2013-10-06, 8);
insert into DATAdeNASCIMENTO values(2013-11-05, 8);
insert into DATAdeNASCIMENTO values(2014-09-13, 7);
insert into DATAdeNASCIMENTO values(2014-11-04, 7);
insert into DATAdeNASCIMENTO values(2014-12-12, 7);
insert into DATAdeNASCIMENTO values(2015-04-28, 6);
insert into DATAdeNASCIMENTO values(2015-05-08, 6);
insert into DATAdeNASCIMENTO values(2015-08-15, 6);
insert into DATAdeNASCIMENTO values(2016-01-10, 5);
insert into DATAdeNASCIMENTO values(2016-03-12, 5);
insert into DATAdeNASCIMENTO values(2016-06-19, 5);
insert into DATAdeNASCIMENTO values(2017-05-23, 4);
insert into DATAdeNASCIMENTO values(2017-09-18, 4);

insert into TRATA values(1, 175, null);
insert into TRATA values(1, 181, null);
insert into TRATA values(1, 194, null);
insert into TRATA values(2, 175, null);
insert into TRATA values(2, 181, null);
insert into TRATA values(2, 194, null);
insert into TRATA values(3, 162, null);
insert into TRATA values(3, 171, null);
insert into TRATA values(3, 172, null);
insert into TRATA values(3, 173, null);
insert into TRATA values(3, 177, null);
insert into TRATA values(3, 190, null);
insert into TRATA values(4, 162, null);
insert into TRATA values(4, 171, null);
insert into TRATA values(4, 172, null);
insert into TRATA values(4, 173, null);
insert into TRATA values(4, 177, null);
insert into TRATA values(4, 190, null);
insert into TRATA values(5, 161, null);
insert into TRATA values(5, 167, null);
insert into TRATA values(5, 168, null);
insert into TRATA values(5, 169, null);
insert into TRATA values(5, 170, null);
insert into TRATA values(5, 178, null);
insert into TRATA values(5, 183, null);
insert into TRATA values(5, 189, null);
insert into TRATA values(5, 192, null);
insert into TRATA values(5, 195, null);
insert into TRATA values(6, 161, null);
insert into TRATA values(6, 167, null);
insert into TRATA values(6, 168, null);
insert into TRATA values(6, 169, null);
insert into TRATA values(6, 170, null);
insert into TRATA values(6, 178, null);
insert into TRATA values(6, 183, null);
insert into TRATA values(6, 189, null);
insert into TRATA values(6, 192, null);
insert into TRATA values(6, 195, null);

