PRAGMA foreign_keys = on;

insert into ESPECIALIDADE values(1, 'Urologia');
insert into ESPECIALIDADE values(2, 'Estomatologia');
insert into ESPECIALIDADE values(3, 'Pediatria');
insert into ESPECIALIDADE values(4, 'Medicina Geral');
insert into ESPECIALIDADE values(5, 'Fisioterapia');
insert into ESPECIALIDADE values(6, 'Osteopatia');

insert into PATOLOGIA values(1, 'Constipacao');
insert into PATOLOGIA values(2, 'Ortodontia');
insert into PATOLOGIA values(3, 'Branqueamento');
insert into PATOLOGIA values(4, 'Gripe');
insert into PATOLOGIA values(5, 'Febre');
insert into PATOLOGIA values(6, 'Tosse');
insert into PATOLOGIA values(7, 'Covid-19');
insert into PATOLOGIA values(8, 'Anca');
insert into PATOLOGIA values(9, 'Joelho');
insert into PATOLOGIA values(10, 'Femur');
insert into PATOLOGIA values(11, 'Costela');
insert into PATOLOGIA values(12, 'Infeção Urinária');

insert into SEGUROSdeSAUDE values(1, 'Liberty', 2025-10-11);
insert into SEGUROSdeSAUDE values(2, 'Multicare', 2028-07-09);
insert into SEGUROSdeSAUDE values(3, 'Servicos Sociais', 2029-09-03);
insert into SEGUROSdeSAUDE values(4, 'AXA', 2023-06-17);
insert into SEGUROSdeSAUDE values(5, 'Multicare', 2026-01-21);
insert into SEGUROSdeSAUDE values(6, 'AXA', 2027-10-18);
insert into SEGUROSdeSAUDE values(7, 'AXA', 2029-03-09);
insert into SEGUROSdeSAUDE values(8, 'Multicare', 2028-07-26);
insert into SEGUROSdeSAUDE values(9, 'Servicos Sociais', 2027-06-10);
insert into SEGUROSdeSAUDE values(10, 'Multicare', 2027-02-18);
insert into SEGUROSdeSAUDE values(11, 'Multicare', 2027-07-04);
insert into SEGUROSdeSAUDE values(12, 'Multicare', 2025-04-01);
insert into SEGUROSdeSAUDE values(13, 'Servicos Sociais', 2029-10-07);
insert into SEGUROSdeSAUDE values(14, 'Multicare', 2028-12-27);
insert into SEGUROSdeSAUDE values(15, 'AXA', 2027-08-23);
insert into SEGUROSdeSAUDE values(16, 'Liberty', 2025-04-28);
insert into SEGUROSdeSAUDE values(17, 'Liberty', 2028-08-19);
insert into SEGUROSdeSAUDE values(18, 'AXA', 2027-08-04);
insert into SEGUROSdeSAUDE values(19, 'AXA', 2023-09-25);
insert into SEGUROSdeSAUDE values(20, 'Servicos Sociais', 2022-03-01);
insert into SEGUROSdeSAUDE values(21, 'AXA', 2027-07-07);
insert into SEGUROSdeSAUDE values(22, 'Servicos Sociais', 2026-01-16);
insert into SEGUROSdeSAUDE values(23, 'Multicare', 2023-09-18);
insert into SEGUROSdeSAUDE values(24, 'Liberty', 2023-12-07);
insert into SEGUROSdeSAUDE values(25, 'Servicos Sociais', 2022-11-22);
insert into SEGUROSdeSAUDE values(26, 'Liberty', 2029-02-01);
insert into SEGUROSdeSAUDE values(27, 'Servicos Sociais', 2027-03-14);
insert into SEGUROSdeSAUDE values(28, 'AXA', 2028-05-14);
insert into SEGUROSdeSAUDE values(29, 'Multicare', 2026-03-03);
insert into SEGUROSdeSAUDE values(30, 'Servicos Sociais', 2029-06-11);
insert into SEGUROSdeSAUDE values(31, 'Multicare', 2026-08-01);
insert into SEGUROSdeSAUDE values(32, 'Multicare', 2028-05-07);
insert into SEGUROSdeSAUDE values(33, 'Multicare', 2029-03-13);
insert into SEGUROSdeSAUDE values(34, 'Multicare', 2027-07-06);
insert into SEGUROSdeSAUDE values(35, 'Multicare', 2029-09-13);
insert into SEGUROSdeSAUDE values(36, 'Multicare', 2025-02-23);
insert into SEGUROSdeSAUDE values(37, 'AXA', 2023-02-20);
insert into SEGUROSdeSAUDE values(38, 'Liberty', 2024-05-01);
insert into SEGUROSdeSAUDE values(39, 'AXA', 2028-02-20);

insert into PACIENTE values(1, 910359279, 'Juliano Bianca', 'Avenida de Granada', 1984-11-06, 'F', 'Professor de Estados');
insert into PACIENTE values(2, 928218403, 'André Cavalheiro', 'Entroncamento de Londres', 1960-08-18, 'F', 'Engenheiro de Programas');
insert into PACIENTE values(3, 919389204, 'Afonso Barbosa', 'Rua de Xangai', 2004-01-16, 'M', 'Gestor de Contas');
insert into PACIENTE values(4, 912656584, 'Francisca Moreira', 'Perfeitura de Faro', 1952-10-03, 'F', 'Contabilista de Sistemas');
insert into PACIENTE values(5, 916514593, 'Jorge Pinheiro', 'Bairro de Brasília', 1993-10-11, 'F', 'Advogado de Civil');
insert into PACIENTE values(6, 920215616, 'Angelo Silva', 'Bairro de Osaka', 1996-07-10, 'F', 'Gestor de Sistemas');
insert into PACIENTE values(7, 929505327, 'Matilde Mercedes', 'Bairro de Osaka', 1993-03-05, 'O', 'Doutor de Programas');
insert into PACIENTE values(8, 922626696, 'Jorge Barbosa', 'Avenida de Londres', 1980-08-05, 'F', 'Contabilista de Contas');
insert into PACIENTE values(9, 914198779, 'Matilde Guedes', 'Avenida de Madrid', 1953-02-23, 'M', 'Gestor de Informática');
insert into PACIENTE values(10, 923721510, 'Paulo Bianca', 'Entroncamento de Filadélfia', 1949-07-13, 'F', 'Advogado de Programas');
insert into PACIENTE values(11, 920374925, 'Francisca Guedes', 'Rua de Berlim', 2006-10-05, 'M', 'Gestor de Contas');
insert into PACIENTE values(12, 927255806, 'Francisco Araújo', 'Rua de Brasília', 1969-01-24, 'F', 'Gestor de Contas');
insert into PACIENTE values(13, 911643584, 'Paula Almeida', 'Rua de Brasília', 1997-02-14, 'M', 'Advogado de Sistemas');
insert into PACIENTE values(14, 924939020, 'Paula Moreira', 'Perfeitura de Porto', 1971-04-20, 'F', 'Professor de Estados');
insert into PACIENTE values(15, 911277324, 'Bernardo Abdul', 'Avenida de Vila Nova', 1969-03-17, 'O', 'Professor de Sistemas');
insert into PACIENTE values(16, 912818061, 'Ana Silva', 'Avenida de Nova Iorque', 2015-03-19, 'M', 'Professor de Programas');
insert into PACIENTE values(17, 924538706, 'Joana Mercedes', 'Rua de Granada', 2011-02-26, 'F', 'Advogado de Programas');
insert into PACIENTE values(18, 921551689, 'José Mercedes', 'Rua de Osaka', 1976-07-13, 'O', 'Engenheiro de Estados');
insert into PACIENTE values(19, 919978156, 'André Bianca', 'Rua de Porto', 1945-01-28, 'F', 'Professor de Sistemas');
insert into PACIENTE values(20, 919035243, 'Afonso Mercedes', 'Perfeitura de Faro', 2011-02-19, 'F', 'Engenheiro de Civil');
insert into PACIENTE values(21, 928291371, 'André Mercedes', 'Perfeitura de Braga', 1966-01-03, 'F', 'Gestor de Sistemas');
insert into PACIENTE values(22, 927491837, 'Elisabete Moreira', 'Entroncamento de Matosinhos', 1969-01-06, 'M', 'Contabilista de Sistemas');
insert into PACIENTE values(23, 910516353, 'Ana Basílico', 'Avenida de Berlim', 1963-06-10, 'F', 'Secretário de Sistemas');
insert into PACIENTE values(24, 913855634, 'Ricardo Mercedes', 'Bairro de Vila Nova', 1975-01-23, 'F', 'Professor de Civil');
insert into PACIENTE values(25, 923971577, 'Guilherme Vieira', 'Avenida de Berlim', 1999-07-15, 'O', 'Gestor de Sistemas');
insert into PACIENTE values(26, 918603365, 'Matilde Moreira', 'Perfeitura de Paris', 1958-11-05, 'O', 'Contabilista de Civil');
insert into PACIENTE values(27, 923357542, 'Ricardo Pereira', 'Bairro de Copenhaga', 1982-02-25, 'F', 'Engenheiro de Civil');
insert into PACIENTE values(28, 921032181, 'André Cavalheiro', 'Avenida de Osaka', 1984-07-23, 'F', 'Professor de Civil');
insert into PACIENTE values(29, 912457915, 'Anabela Vieira', 'Perfeitura de Vila Nova', 2008-08-18, 'F', 'Engenheiro de Programas');
insert into PACIENTE values(30, 913176113, 'Anderson Barbosa', 'Entroncamento de Marrocos', 1953-12-21, 'F', 'Engenheiro de Contas');
insert into PACIENTE values(31, 920511462, 'Pedro Gigante', 'Entroncamento de Matosinhos', 1977-02-28, 'O', 'Secretário de Civil');
insert into PACIENTE values(32, 923803726, 'Anabela Moreira', 'Perfeitura de Porto', 1956-11-08, 'F', 'Secretário de Contas');
insert into PACIENTE values(33, 914977608, 'Paula Mercedes', 'Avenida de Osaka', 1982-05-24, 'M', 'Professor de Estados');
insert into PACIENTE values(34, 915939955, 'Elisabete Bianca', 'Entroncamento de Berlim', 1994-07-07, 'F', 'Engenheiro de Contas');
insert into PACIENTE values(35, 914976642, 'Paula Almeida', 'Rua de Madrid', 2013-11-21, 'M', 'Gestor de Contas');
insert into PACIENTE values(36, 913253768, 'José Guedes', 'Bairro de Brasília', 1968-01-14, 'F', 'Contabilista de Civil');
insert into PACIENTE values(37, 920031235, 'Elisabete Peixe', 'Entroncamento de Madrid', 1945-10-26, 'O', 'Engenheiro de Sistemas');
insert into PACIENTE values(38, 911407521, 'Paulo Basílico', 'Bairro de Vila Nova', 1972-10-08, 'O', 'Professor de Sistemas');
insert into PACIENTE values(39, 926361928, 'Elisabete Moreira', 'Avenida de Vila Nova', 1982-08-11, 'M', 'Gestor de Contas');
insert into PACIENTE values(40, 918259946, 'Ricardo Bianca', 'Rua de Brasília', 1975-11-26, 'M', 'Secretário de Contas');
insert into PACIENTE values(41, 919844742, 'Paula Silva', 'Avenida de Lisboa', 1974-01-04, 'F', 'Secretário de Contas');
insert into PACIENTE values(42, 928485692, 'Ana Barbosa', 'Rua de Porto', 2004-11-20, 'F', 'Engenheiro de Contas');
insert into PACIENTE values(43, 910168479, 'Juliano Vieira', 'Rua de Nova Iorque', 1986-04-17, 'F', 'Engenheiro de Estados');
insert into PACIENTE values(44, 925667658, 'João Luís', 'Entroncamento de Paris', 1958-12-07, 'F', 'Advogado de Contas');
insert into PACIENTE values(45, 927374442, 'Angelo Mercedes', 'Rua de Madrid', 1964-03-05, 'F', 'Secretário de Sistemas');
insert into PACIENTE values(46, 926364423, 'Joana Mercedes', 'Rua de Nova Iorque', 1968-07-21, 'O', 'Professor de Civil');
insert into PACIENTE values(47, 910589809, 'Jorge Peixe', 'Entroncamento de Roma', 1981-12-26, 'M', 'Advogado de Sistemas');
insert into PACIENTE values(48, 915674800, 'Francisco Mercedes', 'Entroncamento de Braga', 1953-03-01, 'O', 'Contabilista de Civil');
insert into PACIENTE values(49, 928688311, 'Jorge Araújo', 'Bairro de Lisboa', 2009-01-13, 'M', 'Advogado de Civil');
insert into PACIENTE values(50, 919321588, 'Jorge Pereira', 'Entroncamento de Matosinhos', 1956-08-26, 'M', 'Advogado de Estados');
insert into PACIENTE values(51, 926558519, 'Ana Basílico', 'Entroncamento de Madrid', 1968-09-02, 'M', 'Advogado de Civil');
insert into PACIENTE values(52, 922144366, 'Bernardo Gigante', 'Rua de Brasília', 2004-04-02, 'F', 'Secretário de Contas');
insert into PACIENTE values(53, 927405875, 'Anabela Basílico', 'Perfeitura de Turim', 1979-04-23, 'F', 'Doutor de Contas');
insert into PACIENTE values(54, 912905069, 'Guilherme Pinheiro', 'Entroncamento de Paris', 1960-10-11, 'F', 'Contabilista de Estados');
insert into PACIENTE values(55, 914212119, 'Ana Cavalheiro', 'Perfeitura de Londres', 1958-06-06, 'F', 'Engenheiro de Contas');
insert into PACIENTE values(56, 929246061, 'Francisco Moreira', 'Entroncamento de Madrid', 1951-12-07, 'O', 'Doutor de Programas');
insert into PACIENTE values(57, 915571695, 'João Pereira', 'Entroncamento de Osaka', 1986-01-12, 'O', 'Gestor de Informática');
insert into PACIENTE values(58, 923375688, 'Afonso Gigante', 'Perfeitura de Vila Nova', 1973-11-03, 'O', 'Contabilista de Contas');
insert into PACIENTE values(59, 928903658, 'Afonso Abdul', 'Avenida de Vila Nova', 1967-02-22, 'M', 'Professor de Estados');
insert into PACIENTE values(60, 917039713, 'Guilherme Gigante', 'Entroncamento de Turim', 1960-07-24, 'F', 'Doutor de Programas');
insert into PACIENTE values(61, 914133756, 'Anderson Abdul', 'Perfeitura de Vila Nova', 1996-09-08, 'F', 'Contabilista de Contas');
insert into PACIENTE values(62, 927596716, 'Ricardo Silva', 'Perfeitura de Vila Nova', 1972-08-03, 'M', 'Professor de Programas');

insert into PESSOAaCONTACTAR values(63, 940473077, 'Júlia Silva', 'Perfeitura de Granada', 1971-09-25, 'O');
insert into PESSOAaCONTACTAR values(64, 934229618, 'Joana Cavalheiro', 'Rua de Vila Nova', 1949-05-20, 'F');
insert into PESSOAaCONTACTAR values(65, 945288851, 'André Barbosa', 'Rua de Copenhaga', 1951-03-05, 'O');
insert into PESSOAaCONTACTAR values(66, 948140793, 'Pedro Vieira', 'Rua de Paris', 2013-05-01, 'F');
insert into PESSOAaCONTACTAR values(67, 943405706, 'Anabela Pinheiro', 'Rua de Paris', 2011-05-26, 'M');
insert into PESSOAaCONTACTAR values(68, 945801658, 'Anabela Peixe', 'Bairro de Copenhaga', 1999-01-06, 'M');
insert into PESSOAaCONTACTAR values(69, 930430056, 'Júlia Veiga', 'Entroncamento de Roma', 1986-10-24, 'F');
insert into PESSOAaCONTACTAR values(70, 935077679, 'Joana Peixe', 'Rua de Paris', 1997-01-11, 'M');
insert into PESSOAaCONTACTAR values(71, 944962965, 'Pedro Moreira', 'Bairro de Porto', 2008-10-16, 'F');
insert into PESSOAaCONTACTAR values(72, 936376536, 'Francisca Abdul', 'Rua de Paris', 1968-05-01, 'M');
insert into PESSOAaCONTACTAR values(73, 931491214, 'Ana Cavalheiro', 'Entroncamento de Marrocos', 1971-03-23, 'M');
insert into PESSOAaCONTACTAR values(74, 946589049, 'Bernardo Almeida', 'Entroncamento de Filadélfia', 1997-01-04, 'O');
insert into PESSOAaCONTACTAR values(75, 932548464, 'Anderson Basílico', 'Perfeitura de Porto', 1976-12-07, 'F');
insert into PESSOAaCONTACTAR values(76, 941746731, 'Francisca Bianca', 'Bairro de Vila Nova', 1978-01-19, 'O');
insert into PESSOAaCONTACTAR values(77, 948948505, 'João Bianca', 'Perfeitura de Braga', 1983-09-01, 'O');
insert into PESSOAaCONTACTAR values(78, 938156620, 'Paula Gigante', 'Rua de Matosinhos', 1981-12-15, 'F');

insert into COLABORADOR values(79, 954951958, 'Paulo Luís', 'Perfeitura de Braga', 2009-05-02, 'F', 'Sub-Chefe', null, null);
insert into COLABORADOR values(80, 952643060, 'Juliano Abdul', 'Avenida de Madrid', 2016-01-18, 'F', 'Sub-Chefe', null, null);
insert into COLABORADOR values(81, 961206854, 'Jorge Bianca', 'Entroncamento de Copenhaga', 1987-03-22, 'O', 'Sub-Chefe', null, null);
insert into COLABORADOR values(82, 950421082, 'Afonso Pereira', 'Avenida de Roma', 1973-11-07, 'O', 'Chefe', null, null);
insert into COLABORADOR values(83, 953555396, 'João Vieira', 'Avenida de Faro', 1988-08-24, 'F', 'Ajudante', null, null);
insert into COLABORADOR values(84, 961865440, 'Jorge Almeida', 'Avenida de Nova Iorque', 1951-10-24, 'F', 'Chefe', null, null);
insert into COLABORADOR values(85, 961271360, 'Afonso Silva', 'Entroncamento de Lisboa', 1960-04-20, 'F', 'Interino', null, null);
insert into COLABORADOR values(86, 957300519, 'Joana Basílico', 'Rua de Porto', 1981-06-23, 'F', 'Interino', null, null);
insert into COLABORADOR values(87, 967816354, 'Francisco Mercedes', 'Entroncamento de Berlim', 2017-05-21, 'M', 'Interino', null, null);
insert into COLABORADOR values(88, 967082527, 'Angelo Abdul', 'Avenida de Nova Iorque', 2004-08-01, 'M', 'Interino', null, null);
insert into COLABORADOR values(89, 958315298, 'André Araújo', 'Perfeitura de Roma', 1969-10-09, 'M', 'Ajudante', null, null);
insert into COLABORADOR values(90, 961965085, 'José Pereira', 'Avenida de Brasília', 1949-04-22, 'M', 'Sub-Chefe', null, null);
insert into COLABORADOR values(91, 950444810, 'Angelo Silva', 'Rua de Turim', 1967-11-03, 'F', 'Sub-Chefe', null, null);
insert into COLABORADOR values(92, 951156277, 'Anabela Cavalheiro', 'Entroncamento de Granada', 1978-05-16, 'F', 'Sub-Chefe', null, null);
insert into COLABORADOR values(93, 962572187, 'Júlia Veiga', 'Rua de Londres', 2007-06-19, 'O', 'Chefe', null, null);
insert into COLABORADOR values(94, 955021446, 'Angelo Mercedes', 'Bairro de Osaka', 2010-11-21, 'F', 'Ajudante', null, null);
insert into COLABORADOR values(95, 966021745, 'Ana Basílico', 'Entroncamento de Roma', 2000-08-13, 'M', 'Chefe', null, null);
insert into COLABORADOR values(96, 953836441, 'Paula Araújo', 'Entroncamento de Nova Iorque', 1948-01-25, 'M', 'Ajudante', null, null);
insert into COLABORADOR values(97, 951777139, 'Paulo Pinheiro', 'Avenida de Vila Nova', 1970-06-13, 'M', 'Sub-Chefe', null, null);
insert into COLABORADOR values(98, 954617588, 'Francisco Barbosa', 'Entroncamento de Nova Iorque', 1957-01-18, 'M', 'Chefe', null, null);
insert into COLABORADOR values(99, 952890681, 'Paulo Basílico', 'Perfeitura de Paris', 1992-07-25, 'F', 'Chefe', null, null);
insert into COLABORADOR values(100, 967400866, 'Ana Veiga', 'Bairro de Braga', 1951-06-02, 'F', 'Interino', null, null);
insert into COLABORADOR values(101, 961275833, 'Angelo Moreira', 'Perfeitura de Lisboa', 1946-03-20, 'M', 'Ajudante', null, null);
insert into COLABORADOR values(102, 951281066, 'Anabela Vieira', 'Rua de Osaka', 2004-02-19, 'F', 'Ajudante', null, null);
insert into COLABORADOR values(103, 952547152, 'João Vieira', 'Bairro de Xangai', 1949-09-24, 'O', 'Interino', null, null);
insert into COLABORADOR values(104, 954994374, 'Elisabete Silva', 'Perfeitura de Brasília', 1975-05-18, 'F', 'Ajudante', null, null);
insert into COLABORADOR values(105, 950757935, 'Angelo Pereira', 'Perfeitura de Nova Iorque', 1982-12-04, 'M', 'Interino', null, null);
insert into COLABORADOR values(106, 950194499, 'Joana Guedes', 'Perfeitura de Brasília', 2010-03-23, 'O', 'Interino', null, null);
insert into COLABORADOR values(107, 961198454, 'João Pinheiro', 'Perfeitura de Faro', 2009-03-23, 'M', 'Chefe', null, null);
insert into COLABORADOR values(108, 953129101, 'Anderson Pinheiro', 'Bairro de Paris', 1982-05-06, 'M', 'Sub-Chefe', null, null);
insert into COLABORADOR values(109, 956962786, 'João Pinheiro', 'Bairro de Melbourne', 1993-06-20, 'M', 'Ajudante', null, null);
insert into COLABORADOR values(110, 958046749, 'Pedro Cavalheiro', 'Rua de Brasília', 1946-07-16, 'M', 'Chefe', null, null);
insert into COLABORADOR values(111, 959247238, 'Francisco Gigante', 'Avenida de Marrocos', 1989-01-09, 'O', 'Sub-Chefe', null, null);
insert into COLABORADOR values(112, 968014216, 'João Luís', 'Bairro de Madrid', 1953-01-12, 'O', 'Ajudante', null, null);
insert into COLABORADOR values(113, 951822026, 'Anabela Veiga', 'Entroncamento de Copenhaga', 1969-06-11, 'O', 'Ajudante', null, null);
insert into COLABORADOR values(114, 956704164, 'Afonso Moreira', 'Bairro de Marrocos', 1959-04-05, 'F', 'Ajudante', null, null);
insert into COLABORADOR values(115, 963371973, 'Ricardo Bianca', 'Perfeitura de Londres', 1991-01-10, 'M', 'Sub-Chefe', null, null);
insert into COLABORADOR values(116, 955723309, 'José Abdul', 'Entroncamento de Copenhaga', 1987-06-11, 'O', 'Interino', null, null);
insert into COLABORADOR values(117, 964796234, 'Paulo Abdul', 'Entroncamento de Copenhaga', 1972-10-08, 'M', 'Sub-Chefe', null, null);

insert into COLABORADOR values(118, 959659804, 'Francisco Almeida', 'Perfeitura de Melbourne', 2007-03-13, 'M', null, 'Porco Assado', null);
insert into COLABORADOR values(119, 963850405, 'Júlia Abdul', 'Perfeitura de Lisboa', 1987-12-02, 'M', null, 'Bacalhau com Broa', null);
insert into COLABORADOR values(120, 969246732, 'Matilde Araújo', 'Bairro de Roma', 1961-11-18, 'O', null, 'Tripas à Moda do Porto', null);
insert into COLABORADOR values(121, 955590114, 'Francisco Bianca', 'Rua de Berlim', 2001-07-26, 'O', null, 'Porco Assado', null);
insert into COLABORADOR values(122, 952524258, 'Matilde Araújo', 'Perfeitura de Braga', 1978-07-03, 'O', null, 'Tripas à Moda do Porto', null);
insert into COLABORADOR values(123, 950731445, 'Anderson Almeida', 'Rua de Osaka', 1974-05-16, 'O', null, 'Camarão da Costa', null);
insert into COLABORADOR values(124, 961585378, 'Anabela Pereira', 'Rua de Copenhaga', 1945-04-23, 'F', null, 'Fígado de Cebolada', null);
insert into COLABORADOR values(125, 965315448, 'Francisco Almeida', 'Bairro de Copenhaga', 2000-06-05, 'F', null, 'Bacalhau com Broa', null);
insert into COLABORADOR values(126, 967227724, 'Júlia Vieira', 'Rua de Osaka', 1977-06-09, 'O', null, 'Camarão da Costa', null);
insert into COLABORADOR values(127, 965174430, 'João Barbosa', 'Rua de Brasília', 1989-11-05, 'F', null, 'Tripas à Moda do Porto', null);
insert into COLABORADOR values(128, 955056268, 'Paula Pinheiro', 'Perfeitura de Brasília', 2000-09-10, 'F', null, 'Camarão da Costa', null);
insert into COLABORADOR values(129, 957180847, 'Pedro Abdul', 'Rua de Osaka', 1991-12-22, 'F', null, 'Bacalhau com Broa', null);
insert into COLABORADOR values(130, 963325706, 'Ana Bianca', 'Perfeitura de Roma', 2011-11-20, 'M', null, 'Torresmos', null);
insert into COLABORADOR values(131, 959412534, 'André Moreira', 'Rua de Londres', 1991-11-09, 'O', null, 'Tripas à Moda do Porto', null);
insert into COLABORADOR values(132, 965602380, 'Joana Abdul', 'Bairro de Copenhaga', 2013-02-03, 'O', null, 'Torresmos', null);
insert into COLABORADOR values(133, 965944849, 'João Almeida', 'Perfeitura de Marrocos', 1975-10-09, 'F', null, 'Porco Assado', null);
insert into COLABORADOR values(134, 959983405, 'Angelo Cavalheiro', 'Rua de Brasília', 2016-07-16, 'M', null, 'Fígado de Cebolada', null);
insert into COLABORADOR values(135, 966864087, 'Joana Abdul', 'Rua de Braga', 1991-07-15, 'M', null, 'Fígado de Cebolada', null);
insert into COLABORADOR values(136, 951093441, 'Paula Vieira', 'Bairro de Marrocos', 1949-02-06, 'F', null, 'Tripas à Moda do Porto', null);
insert into COLABORADOR values(137, 966050753, 'Afonso Almeida', 'Rua de Madrid', 1994-01-08, 'F', null, 'Bacalhau com Broa', null);
insert into COLABORADOR values(138, 959585072, 'José Moreira', 'Rua de Madrid', 1964-11-21, 'O', null, 'Camarão da Costa', null);
insert into COLABORADOR values(139, 969627953, 'André Basílico', 'Perfeitura de Braga', 1959-06-15, 'M', null, 'Torresmos', null);
insert into COLABORADOR values(140, 954686656, 'João Vieira', 'Bairro de Madrid', 1986-05-21, 'O', null, 'Torresmos', null);
insert into COLABORADOR values(141, 965610494, 'Juliano Guedes', 'Bairro de Osaka', 1978-08-26, 'F', null, 'Porco Assado', null);
insert into COLABORADOR values(142, 959062828, 'José Barbosa', 'Bairro de Copenhaga', 1979-02-05, 'M', null, 'Porco Assado', null);
insert into COLABORADOR values(143, 952896970, 'Anabela Mercedes', 'Entroncamento de Berlim', 2017-01-08, 'M', null, 'Porco Assado', null);
insert into COLABORADOR values(144, 959119423, 'Júlia Pereira', 'Bairro de Brasília', 1984-07-23, 'O', null, 'Porco Assado', null);
insert into COLABORADOR values(145, 952723740, 'Elisabete Pereira', 'Perfeitura de Lisboa', 2000-05-04, 'M', null, 'Torresmos', null);
insert into COLABORADOR values(146, 968373254, 'Júlia Peixe', 'Entroncamento de Filadélfia', 1964-11-23, 'F', null, 'Camarão da Costa', null);
insert into COLABORADOR values(147, 957303291, 'Francisca Pinheiro', 'Avenida de Porto', 1960-11-14, 'O', null, 'Bacalhau com Broa', null);
insert into COLABORADOR values(148, 969050078, 'Francisca Silva', 'Rua de Osaka', 2008-03-23, 'F', null, 'Torresmos', null);
insert into COLABORADOR values(149, 954803898, 'Paulo Bianca', 'Bairro de Porto', 1987-02-05, 'O', null, 'Tripas à Moda do Porto', null);
insert into COLABORADOR values(150, 953173181, 'João Cavalheiro', 'Perfeitura de Paris', 1974-01-20, 'M', null, 'Porco Assado', null);
insert into COLABORADOR values(151, 955350457, 'Anabela Mercedes', 'Rua de Copenhaga', 1947-01-17, 'F', null, 'Bacalhau com Broa', null);
insert into COLABORADOR values(152, 953842079, 'André Peixe', 'Rua de Osaka', 2002-01-05, 'O', null, 'Torresmos', null);
insert into COLABORADOR values(153, 959767629, 'Francisca Silva', 'Rua de Londres', 1982-11-14, 'M', null, 'Torresmos', null);
insert into COLABORADOR values(154, 961056429, 'André Araújo', 'Entroncamento de Nova Iorque', 2001-11-04, 'F', null, 'Fígado de Cebolada', null);
insert into COLABORADOR values(155, 959243850, 'Elisabete Veiga', 'Avenida de Porto', 1955-01-15, 'F', null, 'Fígado de Cebolada', null);
insert into COLABORADOR values(156, 961896981, 'Francisca Abdul', 'Avenida de Nova Iorque', 1986-07-22, 'O', null, 'Bacalhau com Broa', null);

insert into COLABORADOR values(157, 962874097, 'Jorge Bianca', 'Bairro de Marrocos', 1997-09-07, 'M', null, null, 1);
insert into COLABORADOR values(158, 961999251, 'Bernardo Araújo', 'Entroncamento de Marrocos', 1991-11-02, 'M', null, null, 5);
insert into COLABORADOR values(159, 962797112, 'Anabela Mercedes', 'Bairro de Roma', 1967-05-18, 'M', null, null, 6);
insert into COLABORADOR values(160, 951676816, 'Paula Pereira', 'Perfeitura de Brasília', 1983-01-05, 'O', null, null, 2);
insert into COLABORADOR values(161, 953305217, 'Francisca Cavalheiro', 'Rua de Berlim', 2005-02-18, 'F', null, null, 4);
insert into COLABORADOR values(162, 961144583, 'Anderson Basílico', 'Bairro de Roma', 2001-10-11, 'O', null, null, 6);
insert into COLABORADOR values(163, 967178151, 'Ana Veiga', 'Entroncamento de Copenhaga', 1974-08-02, 'M', null, null, 3);
insert into COLABORADOR values(164, 965025107, 'André Silva', 'Avenida de Faro', 1987-07-15, 'M', null, null, 2);
insert into COLABORADOR values(165, 966910955, 'Pedro Gigante', 'Bairro de Osaka', 1946-11-18, 'F', null, null, 4);
insert into COLABORADOR values(166, 960256234, 'Juliano Pinheiro', 'Perfeitura de Faro', 1997-05-06, 'F', null, null, 2);
insert into COLABORADOR values(167, 967756932, 'Pedro Silva', 'Rua de Londres', 1996-02-01, 'O', null, null, 2);
insert into COLABORADOR values(168, 955453238, 'Francisca Veiga', 'Perfeitura de Xangai', 1950-05-15, 'O', null, null, 1);
insert into COLABORADOR values(169, 958607735, 'Juliano Peixe', 'Rua de Copenhaga', 2001-03-06, 'M', null, null, 4);
insert into COLABORADOR values(170, 961580514, 'Paula Araújo', 'Avenida de Roma', 1993-04-13, 'O', null, null, 1);
insert into COLABORADOR values(171, 951795664, 'Anderson Abdul', 'Bairro de Marrocos', 1986-05-11, 'M', null, null, 5);
insert into COLABORADOR values(172, 965117003, 'Angelo Veiga', 'Rua de Turim', 1985-07-09, 'O', null, null, 3);
insert into COLABORADOR values(173, 957803445, 'Pedro Araújo', 'Perfeitura de Melbourne', 1972-06-08, 'M', null, null, 3);
insert into COLABORADOR values(174, 952789162, 'Angelo Vieira', 'Entroncamento de Copenhaga', 1953-01-24, 'M', null, null, 3);
insert into COLABORADOR values(175, 959310737, 'Juliano Gigante', 'Perfeitura de Braga', 1977-03-04, 'F', null, null, 1);
insert into COLABORADOR values(176, 963305219, 'Francisca Peixe', 'Bairro de Roma', 1998-10-15, 'O', null, null, 3);
insert into COLABORADOR values(177, 950154330, 'Paulo Moreira', 'Perfeitura de Braga', 1959-03-11, 'O', null, null, 2);
insert into COLABORADOR values(178, 960516128, 'Júlia Pereira', 'Rua de Madrid', 2012-05-19, 'M', null, null, 3);
insert into COLABORADOR values(179, 961562027, 'André Veiga', 'Bairro de Granada', 1992-11-08, 'O', null, null, 3);
insert into COLABORADOR values(180, 969149757, 'Anderson Pereira', 'Perfeitura de Brasília', 2001-08-15, 'O', null, null, 5);
insert into COLABORADOR values(181, 968391639, 'Joana Peixe', 'Perfeitura de Brasília', 2008-12-02, 'O', null, null, 1);
insert into COLABORADOR values(182, 961745837, 'Paula Guedes', 'Perfeitura de Roma', 1954-09-13, 'M', null, null, 1);
insert into COLABORADOR values(183, 965244010, 'José Veiga', 'Avenida de Melbourne', 1970-04-28, 'O', null, null, 3);
insert into COLABORADOR values(184, 966034655, 'Angelo Mercedes', 'Perfeitura de Berlim', 1966-07-21, 'M', null, null, 5);
insert into COLABORADOR values(185, 953695607, 'Anabela Almeida', 'Rua de Xangai', 1975-04-21, 'F', null, null, 1);
insert into COLABORADOR values(186, 960325744, 'Francisco Abdul', 'Avenida de Brasília', 2015-02-19, 'M', null, null, 2);
insert into COLABORADOR values(187, 962155960, 'Francisco Luís', 'Avenida de Braga', 1951-07-08, 'F', null, null, 5);
insert into COLABORADOR values(188, 953686070, 'Ricardo Bianca', 'Avenida de Londres', 2014-01-07, 'M', null, null, 5);
insert into COLABORADOR values(189, 958239664, 'Angelo Almeida', 'Bairro de Madrid', 1945-04-16, 'O', null, null, 1);
insert into COLABORADOR values(190, 965639227, 'Paulo Gigante', 'Perfeitura de Osaka', 2009-09-18, 'F', null, null, 6);
insert into COLABORADOR values(191, 956594380, 'Pedro Pereira', 'Perfeitura de Madrid', 1951-06-01, 'F', null, null, 3);
insert into COLABORADOR values(192, 956066855, 'José Basílico', 'Avenida de Roma', 2007-02-17, 'O', null, null, 4);
insert into COLABORADOR values(193, 962908014, 'Angelo Almeida', 'Perfeitura de Berlim', 2012-03-18, 'O', null, null, 1);
insert into COLABORADOR values(194, 953121924, 'Bernardo Guedes', 'Bairro de Xangai', 1977-06-15, 'F', null, null, 5);
insert into COLABORADOR values(195, 961986523, 'Pedro Mercedes', 'Rua de Xangai', 1968-11-10, 'M', null, null, 2);

insert into GRAUdePARENTESCO values(1, 65);
insert into GRAUdePARENTESCO values(2, 76);
insert into GRAUdePARENTESCO values(3, 65);
insert into GRAUdePARENTESCO values(4, 64);
insert into GRAUdePARENTESCO values(5, 68);
insert into GRAUdePARENTESCO values(6, 64);
insert into GRAUdePARENTESCO values(7, 76);
insert into GRAUdePARENTESCO values(8, 78);
insert into GRAUdePARENTESCO values(9, 72);
insert into GRAUdePARENTESCO values(10, 64);
insert into GRAUdePARENTESCO values(11, 71);
insert into GRAUdePARENTESCO values(12, 64);
insert into GRAUdePARENTESCO values(13, 71);
insert into GRAUdePARENTESCO values(14, 66);
insert into GRAUdePARENTESCO values(15, 67);
insert into GRAUdePARENTESCO values(16, 70);
insert into GRAUdePARENTESCO values(17, 76);
insert into GRAUdePARENTESCO values(18, 68);
insert into GRAUdePARENTESCO values(19, 72);
insert into GRAUdePARENTESCO values(20, 64);
insert into GRAUdePARENTESCO values(21, 68);
insert into GRAUdePARENTESCO values(22, 68);
insert into GRAUdePARENTESCO values(23, 77);
insert into GRAUdePARENTESCO values(24, 64);
insert into GRAUdePARENTESCO values(25, 68);
insert into GRAUdePARENTESCO values(26, 73);
insert into GRAUdePARENTESCO values(27, 66);
insert into GRAUdePARENTESCO values(28, 77);
insert into GRAUdePARENTESCO values(29, 64);
insert into GRAUdePARENTESCO values(30, 65);
insert into GRAUdePARENTESCO values(31, 77);
insert into GRAUdePARENTESCO values(32, 74);
insert into GRAUdePARENTESCO values(33, 74);
insert into GRAUdePARENTESCO values(34, 65);
insert into GRAUdePARENTESCO values(35, 69);
insert into GRAUdePARENTESCO values(36, 66);
insert into GRAUdePARENTESCO values(37, 68);
insert into GRAUdePARENTESCO values(38, 77);
insert into GRAUdePARENTESCO values(39, 64);
insert into GRAUdePARENTESCO values(40, 69);
insert into GRAUdePARENTESCO values(41, 66);
insert into GRAUdePARENTESCO values(42, 78);
insert into GRAUdePARENTESCO values(43, 66);
insert into GRAUdePARENTESCO values(44, 65);
insert into GRAUdePARENTESCO values(45, 77);
insert into GRAUdePARENTESCO values(46, 70);
insert into GRAUdePARENTESCO values(47, 63);
insert into GRAUdePARENTESCO values(48, 74);
insert into GRAUdePARENTESCO values(49, 73);
insert into GRAUdePARENTESCO values(50, 72);
insert into GRAUdePARENTESCO values(51, 67);
insert into GRAUdePARENTESCO values(52, 72);
insert into GRAUdePARENTESCO values(53, 78);
insert into GRAUdePARENTESCO values(54, 71);
insert into GRAUdePARENTESCO values(55, 63);
insert into GRAUdePARENTESCO values(56, 70);
insert into GRAUdePARENTESCO values(57, 64);
insert into GRAUdePARENTESCO values(58, 73);
insert into GRAUdePARENTESCO values(59, 65);
insert into GRAUdePARENTESCO values(60, 73);
insert into GRAUdePARENTESCO values(61, 76);
insert into GRAUdePARENTESCO values(62, 68);

insert into PacienteSegurosPatologia values(1, 1, 38);
insert into PacienteSegurosPatologia values(2, 2, 39);
insert into PacienteSegurosPatologia values(3, 7, 6);
insert into PacienteSegurosPatologia values(4, 6, 13);
insert into PacienteSegurosPatologia values(5, 7, 19);
insert into PacienteSegurosPatologia values(6, 10, 36);
insert into PacienteSegurosPatologia values(7, 9, 16);
insert into PacienteSegurosPatologia values(8, 10, 35);
insert into PacienteSegurosPatologia values(9, 6, 6);
insert into PacienteSegurosPatologia values(10, 2, 28);
insert into PacienteSegurosPatologia values(11, 12, 34);
insert into PacienteSegurosPatologia values(12, 6, 33);
insert into PacienteSegurosPatologia values(13, 3, 29);
insert into PacienteSegurosPatologia values(14, 1, 9);
insert into PacienteSegurosPatologia values(15, 1, 22);
insert into PacienteSegurosPatologia values(16, 4, 33);
insert into PacienteSegurosPatologia values(17, 3, 17);
insert into PacienteSegurosPatologia values(18, 8, 22);
insert into PacienteSegurosPatologia values(19, 9, 8);
insert into PacienteSegurosPatologia values(20, 2, 1);
insert into PacienteSegurosPatologia values(21, 2, 11);
insert into PacienteSegurosPatologia values(22, 1, 27);
insert into PacienteSegurosPatologia values(23, 10, 28);
insert into PacienteSegurosPatologia values(24, 9, 7);
insert into PacienteSegurosPatologia values(25, 2, 16);
insert into PacienteSegurosPatologia values(26, 11, 39);
insert into PacienteSegurosPatologia values(27, 2, 37);
insert into PacienteSegurosPatologia values(28, 3, 34);
insert into PacienteSegurosPatologia values(29, 3, 38);
insert into PacienteSegurosPatologia values(30, 7, 15);
insert into PacienteSegurosPatologia values(31, 12, 18);
insert into PacienteSegurosPatologia values(32, 2, 11);
insert into PacienteSegurosPatologia values(33, 6, 2);
insert into PacienteSegurosPatologia values(34, 9, 26);
insert into PacienteSegurosPatologia values(35, 7, 35);
insert into PacienteSegurosPatologia values(36, 12, 14);
insert into PacienteSegurosPatologia values(37, 3, 36);
insert into PacienteSegurosPatologia values(38, 3, 20);
insert into PacienteSegurosPatologia values(39, 8, 34);
insert into PacienteSegurosPatologia values(40, 3, 26);
insert into PacienteSegurosPatologia values(41, 10, 29);
insert into PacienteSegurosPatologia values(42, 9, 28);
insert into PacienteSegurosPatologia values(43, 7, 34);
insert into PacienteSegurosPatologia values(44, 1, 24);
insert into PacienteSegurosPatologia values(45, 5, 4);
insert into PacienteSegurosPatologia values(46, 7, 5);
insert into PacienteSegurosPatologia values(47, 8, 35);
insert into PacienteSegurosPatologia values(48, 4, 25);
insert into PacienteSegurosPatologia values(49, 5, 30);
insert into PacienteSegurosPatologia values(50, 10, 18);
insert into PacienteSegurosPatologia values(51, 5, 11);
insert into PacienteSegurosPatologia values(52, 9, 16);
insert into PacienteSegurosPatologia values(53, 4, 1);
insert into PacienteSegurosPatologia values(54, 5, 34);
insert into PacienteSegurosPatologia values(55, 11, 23);
insert into PacienteSegurosPatologia values(56, 4, 28);
insert into PacienteSegurosPatologia values(57, 3, 20);
insert into PacienteSegurosPatologia values(58, 10, 27);
insert into PacienteSegurosPatologia values(59, 9, 18);
insert into PacienteSegurosPatologia values(60, 7, 37);
insert into PacienteSegurosPatologia values(61, 9, 26);
insert into PacienteSegurosPatologia values(62, 4, 25);

insert into DATAdeNASCIMENTO values(1945-01-28, 76);
insert into DATAdeNASCIMENTO values(1945-04-16, 76);
insert into DATAdeNASCIMENTO values(1945-04-23, 76);
insert into DATAdeNASCIMENTO values(1945-10-26, 76);
insert into DATAdeNASCIMENTO values(1946-03-20, 75);
insert into DATAdeNASCIMENTO values(1946-07-16, 75);
insert into DATAdeNASCIMENTO values(1946-11-18, 75);
insert into DATAdeNASCIMENTO values(1947-01-17, 74);
insert into DATAdeNASCIMENTO values(1948-01-25, 73);
insert into DATAdeNASCIMENTO values(1949-02-06, 72);
insert into DATAdeNASCIMENTO values(1949-04-22, 72);
insert into DATAdeNASCIMENTO values(1949-05-20, 72);
insert into DATAdeNASCIMENTO values(1949-07-13, 72);
insert into DATAdeNASCIMENTO values(1949-09-24, 72);
insert into DATAdeNASCIMENTO values(1950-05-15, 71);
insert into DATAdeNASCIMENTO values(1951-03-05, 70);
insert into DATAdeNASCIMENTO values(1951-06-01, 70);
insert into DATAdeNASCIMENTO values(1951-06-02, 70);
insert into DATAdeNASCIMENTO values(1951-07-08, 70);
insert into DATAdeNASCIMENTO values(1951-10-24, 70);
insert into DATAdeNASCIMENTO values(1951-12-07, 70);
insert into DATAdeNASCIMENTO values(1952-10-03, 69);
insert into DATAdeNASCIMENTO values(1953-01-12, 68);
insert into DATAdeNASCIMENTO values(1953-01-24, 68);
insert into DATAdeNASCIMENTO values(1953-02-23, 68);
insert into DATAdeNASCIMENTO values(1953-03-01, 68);
insert into DATAdeNASCIMENTO values(1953-12-21, 68);
insert into DATAdeNASCIMENTO values(1954-09-13, 67);
insert into DATAdeNASCIMENTO values(1955-01-15, 66);
insert into DATAdeNASCIMENTO values(1956-08-26, 65);
insert into DATAdeNASCIMENTO values(1956-11-08, 65);
insert into DATAdeNASCIMENTO values(1957-01-18, 64);
insert into DATAdeNASCIMENTO values(1958-06-06, 63);
insert into DATAdeNASCIMENTO values(1958-11-05, 63);
insert into DATAdeNASCIMENTO values(1958-12-07, 63);
insert into DATAdeNASCIMENTO values(1959-03-11, 62);
insert into DATAdeNASCIMENTO values(1959-04-05, 62);
insert into DATAdeNASCIMENTO values(1959-06-15, 62);
insert into DATAdeNASCIMENTO values(1960-04-20, 61);
insert into DATAdeNASCIMENTO values(1960-07-24, 61);
insert into DATAdeNASCIMENTO values(1960-08-18, 61);
insert into DATAdeNASCIMENTO values(1960-10-11, 61);
insert into DATAdeNASCIMENTO values(1960-11-14, 61);
insert into DATAdeNASCIMENTO values(1961-11-18, 60);
insert into DATAdeNASCIMENTO values(1963-06-10, 58);
insert into DATAdeNASCIMENTO values(1964-03-05, 57);
insert into DATAdeNASCIMENTO values(1964-11-21, 57);
insert into DATAdeNASCIMENTO values(1964-11-23, 57);
insert into DATAdeNASCIMENTO values(1966-01-03, 55);
insert into DATAdeNASCIMENTO values(1966-07-21, 55);
insert into DATAdeNASCIMENTO values(1967-02-22, 54);
insert into DATAdeNASCIMENTO values(1967-05-18, 54);
insert into DATAdeNASCIMENTO values(1967-11-03, 54);
insert into DATAdeNASCIMENTO values(1968-01-14, 53);
insert into DATAdeNASCIMENTO values(1968-05-01, 53);
insert into DATAdeNASCIMENTO values(1968-07-21, 53);
insert into DATAdeNASCIMENTO values(1968-09-02, 53);
insert into DATAdeNASCIMENTO values(1968-11-10, 53);
insert into DATAdeNASCIMENTO values(1969-01-06, 52);
insert into DATAdeNASCIMENTO values(1969-01-24, 52);
insert into DATAdeNASCIMENTO values(1969-03-17, 52);
insert into DATAdeNASCIMENTO values(1969-06-11, 52);
insert into DATAdeNASCIMENTO values(1969-10-09, 52);
insert into DATAdeNASCIMENTO values(1970-04-28, 51);
insert into DATAdeNASCIMENTO values(1970-06-13, 51);
insert into DATAdeNASCIMENTO values(1971-03-23, 50);
insert into DATAdeNASCIMENTO values(1971-04-20, 50);
insert into DATAdeNASCIMENTO values(1971-09-25, 50);
insert into DATAdeNASCIMENTO values(1972-06-08, 49);
insert into DATAdeNASCIMENTO values(1972-08-03, 49);
insert into DATAdeNASCIMENTO values(1972-10-08, 49);
insert into DATAdeNASCIMENTO values(1973-11-03, 48);
insert into DATAdeNASCIMENTO values(1973-11-07, 48);
insert into DATAdeNASCIMENTO values(1974-01-04, 47);
insert into DATAdeNASCIMENTO values(1974-01-20, 47);
insert into DATAdeNASCIMENTO values(1974-05-16, 47);
insert into DATAdeNASCIMENTO values(1974-08-02, 47);
insert into DATAdeNASCIMENTO values(1975-01-23, 46);
insert into DATAdeNASCIMENTO values(1975-04-21, 46);
insert into DATAdeNASCIMENTO values(1975-05-18, 46);
insert into DATAdeNASCIMENTO values(1975-10-09, 46);
insert into DATAdeNASCIMENTO values(1975-11-26, 46);
insert into DATAdeNASCIMENTO values(1976-07-13, 45);
insert into DATAdeNASCIMENTO values(1976-12-07, 45);
insert into DATAdeNASCIMENTO values(1977-02-28, 44);
insert into DATAdeNASCIMENTO values(1977-03-04, 44);
insert into DATAdeNASCIMENTO values(1977-06-09, 44);
insert into DATAdeNASCIMENTO values(1977-06-15, 44);
insert into DATAdeNASCIMENTO values(1978-01-19, 43);
insert into DATAdeNASCIMENTO values(1978-05-16, 43);
insert into DATAdeNASCIMENTO values(1978-07-03, 43);
insert into DATAdeNASCIMENTO values(1978-08-26, 43);
insert into DATAdeNASCIMENTO values(1979-02-05, 42);
insert into DATAdeNASCIMENTO values(1979-04-23, 42);
insert into DATAdeNASCIMENTO values(1980-08-05, 41);
insert into DATAdeNASCIMENTO values(1981-06-23, 40);
insert into DATAdeNASCIMENTO values(1981-12-15, 40);
insert into DATAdeNASCIMENTO values(1981-12-26, 40);
insert into DATAdeNASCIMENTO values(1982-02-25, 39);
insert into DATAdeNASCIMENTO values(1982-05-06, 39);
insert into DATAdeNASCIMENTO values(1982-05-24, 39);
insert into DATAdeNASCIMENTO values(1982-08-11, 39);
insert into DATAdeNASCIMENTO values(1982-11-14, 39);
insert into DATAdeNASCIMENTO values(1982-12-04, 39);
insert into DATAdeNASCIMENTO values(1983-01-05, 38);
insert into DATAdeNASCIMENTO values(1983-09-01, 38);
insert into DATAdeNASCIMENTO values(1984-07-23, 37);
insert into DATAdeNASCIMENTO values(1984-11-06, 37);
insert into DATAdeNASCIMENTO values(1985-07-09, 36);
insert into DATAdeNASCIMENTO values(1986-01-12, 35);
insert into DATAdeNASCIMENTO values(1986-04-17, 35);
insert into DATAdeNASCIMENTO values(1986-05-11, 35);
insert into DATAdeNASCIMENTO values(1986-05-21, 35);
insert into DATAdeNASCIMENTO values(1986-07-22, 35);
insert into DATAdeNASCIMENTO values(1986-10-24, 35);
insert into DATAdeNASCIMENTO values(1987-02-05, 34);
insert into DATAdeNASCIMENTO values(1987-03-22, 34);
insert into DATAdeNASCIMENTO values(1987-06-11, 34);
insert into DATAdeNASCIMENTO values(1987-07-15, 34);
insert into DATAdeNASCIMENTO values(1987-12-02, 34);
insert into DATAdeNASCIMENTO values(1988-08-24, 33);
insert into DATAdeNASCIMENTO values(1989-01-09, 32);
insert into DATAdeNASCIMENTO values(1989-11-05, 32);
insert into DATAdeNASCIMENTO values(1991-01-10, 30);
insert into DATAdeNASCIMENTO values(1991-07-15, 30);
insert into DATAdeNASCIMENTO values(1991-11-02, 30);
insert into DATAdeNASCIMENTO values(1991-11-09, 30);
insert into DATAdeNASCIMENTO values(1991-12-22, 30);
insert into DATAdeNASCIMENTO values(1992-07-25, 29);
insert into DATAdeNASCIMENTO values(1992-11-08, 29);
insert into DATAdeNASCIMENTO values(1993-03-05, 28);
insert into DATAdeNASCIMENTO values(1993-04-13, 28);
insert into DATAdeNASCIMENTO values(1993-06-20, 28);
insert into DATAdeNASCIMENTO values(1993-10-11, 28);
insert into DATAdeNASCIMENTO values(1994-01-08, 27);
insert into DATAdeNASCIMENTO values(1994-07-07, 27);
insert into DATAdeNASCIMENTO values(1996-02-01, 25);
insert into DATAdeNASCIMENTO values(1996-07-10, 25);
insert into DATAdeNASCIMENTO values(1996-09-08, 25);
insert into DATAdeNASCIMENTO values(1997-01-04, 24);
insert into DATAdeNASCIMENTO values(1997-01-11, 24);
insert into DATAdeNASCIMENTO values(1997-02-14, 24);
insert into DATAdeNASCIMENTO values(1997-05-06, 24);
insert into DATAdeNASCIMENTO values(1997-09-07, 24);
insert into DATAdeNASCIMENTO values(1998-10-15, 23);
insert into DATAdeNASCIMENTO values(1999-01-06, 22);
insert into DATAdeNASCIMENTO values(1999-07-15, 22);
insert into DATAdeNASCIMENTO values(2000-05-04, 21);
insert into DATAdeNASCIMENTO values(2000-06-05, 21);
insert into DATAdeNASCIMENTO values(2000-08-13, 21);
insert into DATAdeNASCIMENTO values(2000-09-10, 21);
insert into DATAdeNASCIMENTO values(2001-03-06, 20);
insert into DATAdeNASCIMENTO values(2001-07-26, 20);
insert into DATAdeNASCIMENTO values(2001-08-15, 20);
insert into DATAdeNASCIMENTO values(2001-10-11, 20);
insert into DATAdeNASCIMENTO values(2001-11-04, 20);
insert into DATAdeNASCIMENTO values(2002-01-05, 19);
insert into DATAdeNASCIMENTO values(2004-01-16, 17);
insert into DATAdeNASCIMENTO values(2004-02-19, 17);
insert into DATAdeNASCIMENTO values(2004-04-02, 17);
insert into DATAdeNASCIMENTO values(2004-08-01, 17);
insert into DATAdeNASCIMENTO values(2004-11-20, 17);
insert into DATAdeNASCIMENTO values(2005-02-18, 16);
insert into DATAdeNASCIMENTO values(2006-10-05, 15);
insert into DATAdeNASCIMENTO values(2007-02-17, 14);
insert into DATAdeNASCIMENTO values(2007-03-13, 14);
insert into DATAdeNASCIMENTO values(2007-06-19, 14);
insert into DATAdeNASCIMENTO values(2008-03-23, 13);
insert into DATAdeNASCIMENTO values(2008-08-18, 13);
insert into DATAdeNASCIMENTO values(2008-10-16, 13);
insert into DATAdeNASCIMENTO values(2008-12-02, 13);
insert into DATAdeNASCIMENTO values(2009-01-13, 12);
insert into DATAdeNASCIMENTO values(2009-03-23, 12);
insert into DATAdeNASCIMENTO values(2009-05-02, 12);
insert into DATAdeNASCIMENTO values(2009-09-18, 12);
insert into DATAdeNASCIMENTO values(2010-03-23, 11);
insert into DATAdeNASCIMENTO values(2010-11-21, 11);
insert into DATAdeNASCIMENTO values(2011-02-19, 10);
insert into DATAdeNASCIMENTO values(2011-02-26, 10);
insert into DATAdeNASCIMENTO values(2011-05-26, 10);
insert into DATAdeNASCIMENTO values(2011-11-20, 10);
insert into DATAdeNASCIMENTO values(2012-03-18, 9);
insert into DATAdeNASCIMENTO values(2012-05-19, 9);
insert into DATAdeNASCIMENTO values(2013-02-03, 8);
insert into DATAdeNASCIMENTO values(2013-05-01, 8);
insert into DATAdeNASCIMENTO values(2013-11-21, 8);
insert into DATAdeNASCIMENTO values(2014-01-07, 7);
insert into DATAdeNASCIMENTO values(2015-02-19, 6);
insert into DATAdeNASCIMENTO values(2015-03-19, 6);
insert into DATAdeNASCIMENTO values(2016-01-18, 5);
insert into DATAdeNASCIMENTO values(2016-07-16, 5);
insert into DATAdeNASCIMENTO values(2017-01-08, 4);
insert into DATAdeNASCIMENTO values(2017-05-21, 4);

insert into TRATA values(1, 157, null);
insert into TRATA values(1, 168, null);
insert into TRATA values(1, 170, null);
insert into TRATA values(1, 175, null);
insert into TRATA values(1, 181, null);
insert into TRATA values(1, 182, null);
insert into TRATA values(1, 185, null);
insert into TRATA values(1, 189, null);
insert into TRATA values(1, 193, null);
insert into TRATA values(2, 157, null);
insert into TRATA values(2, 168, null);
insert into TRATA values(2, 170, null);
insert into TRATA values(2, 175, null);
insert into TRATA values(2, 181, null);
insert into TRATA values(2, 182, null);
insert into TRATA values(2, 185, null);
insert into TRATA values(2, 189, null);
insert into TRATA values(2, 193, null);
insert into TRATA values(3, 160, null);
insert into TRATA values(3, 164, null);
insert into TRATA values(3, 166, null);
insert into TRATA values(3, 167, null);
insert into TRATA values(3, 177, null);
insert into TRATA values(3, 186, null);
insert into TRATA values(3, 195, null);
insert into TRATA values(4, 160, null);
insert into TRATA values(4, 164, null);
insert into TRATA values(4, 166, null);
insert into TRATA values(4, 167, null);
insert into TRATA values(4, 177, null);
insert into TRATA values(4, 186, null);
insert into TRATA values(4, 195, null);
insert into TRATA values(5, 163, null);
insert into TRATA values(5, 172, null);
insert into TRATA values(5, 173, null);
insert into TRATA values(5, 174, null);
insert into TRATA values(5, 176, null);
insert into TRATA values(5, 178, null);
insert into TRATA values(5, 179, null);
insert into TRATA values(5, 183, null);
insert into TRATA values(5, 191, null);
insert into TRATA values(6, 163, null);
insert into TRATA values(6, 172, null);
insert into TRATA values(6, 173, null);
insert into TRATA values(6, 174, null);
insert into TRATA values(6, 176, null);
insert into TRATA values(6, 178, null);
insert into TRATA values(6, 179, null);
insert into TRATA values(6, 183, null);
insert into TRATA values(6, 191, null);
insert into TRATA values(7, 161, null);
insert into TRATA values(7, 165, null);
insert into TRATA values(7, 169, null);
insert into TRATA values(7, 192, null);
insert into TRATA values(8, 161, null);
insert into TRATA values(8, 165, null);
insert into TRATA values(8, 169, null);
insert into TRATA values(8, 192, null);
insert into TRATA values(9, 158, null);
insert into TRATA values(9, 171, null);
insert into TRATA values(9, 180, null);
insert into TRATA values(9, 184, null);
insert into TRATA values(9, 187, null);
insert into TRATA values(9, 188, null);
insert into TRATA values(9, 194, null);
insert into TRATA values(10, 158, null);
insert into TRATA values(10, 171, null);
insert into TRATA values(10, 180, null);
insert into TRATA values(10, 184, null);
insert into TRATA values(10, 187, null);
insert into TRATA values(10, 188, null);
insert into TRATA values(10, 194, null);
insert into TRATA values(11, 159, null);
insert into TRATA values(11, 162, null);
insert into TRATA values(11, 190, null);
insert into TRATA values(12, 159, null);
insert into TRATA values(12, 162, null);
insert into TRATA values(12, 190, null);

