PRAGMA foreign_keys = on;

insert into ESPECIALIDADE values(1, 'Urologia');
insert into ESPECIALIDADE values(2, 'Estomatologia');
insert into ESPECIALIDADE values(3, 'Pediatria');
insert into ESPECIALIDADE values(4, 'Medicina Geral');
insert into ESPECIALIDADE values(5, 'Fisioterapia');
insert into ESPECIALIDADE values(6, 'Osteopatia');

insert into PATOLOGIA values(1, 'Circuncisao');
insert into PATOLOGIA values(2, 'Ortodontia');
insert into PATOLOGIA values(3, 'Branqueamento');
insert into PATOLOGIA values(4, 'Gripe');
insert into PATOLOGIA values(5, 'Febre');
insert into PATOLOGIA values(6, 'Tosse');
insert into PATOLOGIA values(7, 'Covid-19');
insert into PATOLOGIA values(8, 'Anca');
insert into PATOLOGIA values(9, 'Joelho');
insert into PATOLOGIA values(10, 'Femur');
insert into PATOLOGIA values(11, 'Costela');
insert into PATOLOGIA values(12, 'Infeção Urinária');

insert into SEGUROSdeSAUDE values(1, 'Servicos Sociais', 2024-10-12);
insert into SEGUROSdeSAUDE values(2, 'Liberty', 2026-08-21);
insert into SEGUROSdeSAUDE values(3, 'Liberty', 2027-02-01);
insert into SEGUROSdeSAUDE values(4, 'Liberty', 2025-10-25);
insert into SEGUROSdeSAUDE values(5, 'Servicos Sociais', 2022-08-06);
insert into SEGUROSdeSAUDE values(6, 'Servicos Sociais', 2023-12-26);
insert into SEGUROSdeSAUDE values(7, 'AXA', 2026-01-20);
insert into SEGUROSdeSAUDE values(8, 'AXA', 2025-05-20);
insert into SEGUROSdeSAUDE values(9, 'AXA', 2024-12-24);
insert into SEGUROSdeSAUDE values(10, 'Liberty', 2025-08-19);
insert into SEGUROSdeSAUDE values(11, 'Servicos Sociais', 2022-07-11);
insert into SEGUROSdeSAUDE values(12, 'Liberty', 2022-04-13);
insert into SEGUROSdeSAUDE values(13, 'AXA', 2025-09-03);
insert into SEGUROSdeSAUDE values(14, 'Servicos Sociais', 2025-11-20);
insert into SEGUROSdeSAUDE values(15, 'Multicare', 2029-09-02);
insert into SEGUROSdeSAUDE values(16, 'Liberty', 2027-04-16);
insert into SEGUROSdeSAUDE values(17, 'Multicare', 2029-12-24);
insert into SEGUROSdeSAUDE values(18, 'AXA', 2022-07-24);
insert into SEGUROSdeSAUDE values(19, 'AXA', 2024-06-25);
insert into SEGUROSdeSAUDE values(20, 'Liberty', 2025-07-13);
insert into SEGUROSdeSAUDE values(21, 'Servicos Sociais', 2029-02-20);
insert into SEGUROSdeSAUDE values(22, 'AXA', 2027-07-02);
insert into SEGUROSdeSAUDE values(23, 'AXA', 2026-07-06);
insert into SEGUROSdeSAUDE values(24, 'AXA', 2026-09-08);
insert into SEGUROSdeSAUDE values(25, 'AXA', 2024-06-12);
insert into SEGUROSdeSAUDE values(26, 'Multicare', 2025-01-14);
insert into SEGUROSdeSAUDE values(27, 'Servicos Sociais', 2025-07-15);
insert into SEGUROSdeSAUDE values(28, 'Multicare', 2024-01-22);
insert into SEGUROSdeSAUDE values(29, 'Multicare', 2023-01-28);
insert into SEGUROSdeSAUDE values(30, 'Liberty', 2024-02-04);
insert into SEGUROSdeSAUDE values(31, 'Multicare', 2024-08-27);
insert into SEGUROSdeSAUDE values(32, 'Servicos Sociais', 2029-12-18);
insert into SEGUROSdeSAUDE values(33, 'Liberty', 2027-09-26);
insert into SEGUROSdeSAUDE values(34, 'Liberty', 2028-03-12);
insert into SEGUROSdeSAUDE values(35, 'Servicos Sociais', 2024-10-17);
insert into SEGUROSdeSAUDE values(36, 'Multicare', 2023-07-10);
insert into SEGUROSdeSAUDE values(37, 'AXA', 2024-10-26);
insert into SEGUROSdeSAUDE values(38, 'AXA', 2027-06-20);
insert into SEGUROSdeSAUDE values(39, 'AXA', 2024-08-17);

insert into PACIENTE values(1, 915543149, 'Matilde Pereira', 'Bairro de Matosinhos', 2010-10-18, 'O', 'Advogado de Estados');
insert into PACIENTE values(2, 922237653, 'Guilherme Silva', 'Avenida de Melbourne', 1959-03-15, 'M', 'Contabilista de Programas');
insert into PACIENTE values(3, 917832410, 'Francisca Bianca', 'Avenida de Melbourne', 1955-07-18, 'O', 'Professor de Civil');
insert into PACIENTE values(4, 922136114, 'Paula Gigante', 'Entroncamento de Melbourne', 1988-02-26, 'M', 'Secretário de Estados');
insert into PACIENTE values(5, 918456610, 'Ana Pereira', 'Rua de Turim', 1998-10-03, 'M', 'Doutor de Informática');
insert into PACIENTE values(6, 912439915, 'Matilde Basílico', 'Avenida de Granada', 2013-10-24, 'F', 'Secretário de Estados');
insert into PACIENTE values(7, 915101187, 'Juliano Cavalheiro', 'Entroncamento de Matosinhos', 1975-05-12, 'F', 'Secretário de Contas');
insert into PACIENTE values(8, 924479453, 'José Gigante', 'Rua de Braga', 2008-12-13, 'F', 'Doutor de Informática');
insert into PACIENTE values(9, 922404357, 'Matilde Veiga', 'Entroncamento de Londres', 1949-08-13, 'O', 'Doutor de Civil');
insert into PACIENTE values(10, 914623760, 'Ana Guedes', 'Perfeitura de Marrocos', 1985-10-23, 'F', 'Doutor de Contas');
insert into PACIENTE values(11, 919009391, 'Bernardo Silva', 'Perfeitura de Matosinhos', 1952-06-02, 'M', 'Secretário de Contas');
insert into PACIENTE values(12, 917035961, 'Guilherme Moreira', 'Entroncamento de Granada', 1977-12-28, 'F', 'Gestor de Estados');
insert into PACIENTE values(13, 926069144, 'Angelo Barbosa', 'Entroncamento de Granada', 1963-07-02, 'M', 'Doutor de Sistemas');
insert into PACIENTE values(14, 912075025, 'Angelo Bianca', 'Entroncamento de Turim', 1946-07-12, 'O', 'Doutor de Civil');
insert into PACIENTE values(15, 921555788, 'Francisca Almeida', 'Perfeitura de Filadélfia', 1996-04-11, 'O', 'Contabilista de Programas');
insert into PACIENTE values(16, 923576580, 'Matilde Bianca', 'Perfeitura de Marrocos', 1949-06-04, 'O', 'Professor de Estados');
insert into PACIENTE values(17, 912408529, 'José Araújo', 'Entroncamento de Filadélfia', 1962-11-12, 'M', 'Advogado de Informática');
insert into PACIENTE values(18, 914940412, 'Francisco Bianca', 'Perfeitura de Lisboa', 1991-11-14, 'M', 'Advogado de Civil');
insert into PACIENTE values(19, 910606651, 'Pedro Almeida', 'Bairro de Filadélfia', 1979-03-24, 'O', 'Contabilista de Estados');
insert into PACIENTE values(20, 917225004, 'André Almeida', 'Entroncamento de Granada', 1966-01-11, 'O', 'Advogado de Programas');
insert into PACIENTE values(21, 921030492, 'Pedro Pinheiro', 'Avenida de Faro', 1949-10-25, 'M', 'Gestor de Contas');
insert into PACIENTE values(22, 916646060, 'José Bianca', 'Perfeitura de Lisboa', 1973-11-10, 'O', 'Contabilista de Sistemas');
insert into PACIENTE values(23, 916849520, 'Bernardo Luís', 'Bairro de Granada', 2003-11-03, 'F', 'Contabilista de Estados');
insert into PACIENTE values(24, 915540839, 'Anabela Abdul', 'Perfeitura de Paris', 1951-12-23, 'M', 'Advogado de Civil');
insert into PACIENTE values(25, 919876734, 'Anabela Araújo', 'Perfeitura de Berlim', 1976-12-07, 'O', 'Professor de Estados');
insert into PACIENTE values(26, 911176338, 'Anderson Basílico', 'Rua de Copenhaga', 1982-05-25, 'F', 'Advogado de Informática');
insert into PACIENTE values(27, 916831719, 'Paulo Mercedes', 'Perfeitura de Xangai', 1948-12-17, 'M', 'Gestor de Programas');
insert into PACIENTE values(28, 920956383, 'Anabela Mercedes', 'Entroncamento de Londres', 1948-11-15, 'M', 'Advogado de Programas');
insert into PACIENTE values(29, 928079941, 'Júlia Moreira', 'Rua de Filadélfia', 1969-04-12, 'F', 'Professor de Informática');
insert into PACIENTE values(30, 928185217, 'André Pinheiro', 'Entroncamento de Roma', 1993-04-12, 'O', 'Engenheiro de Informática');
insert into PACIENTE values(31, 925366777, 'Ana Mercedes', 'Avenida de Roma', 2009-05-12, 'M', 'Secretário de Informática');
insert into PACIENTE values(32, 926268584, 'Jorge Basílico', 'Perfeitura de Lisboa', 1967-04-09, 'M', 'Gestor de Contas');
insert into PACIENTE values(33, 919925938, 'Anabela Silva', 'Bairro de Matosinhos', 1966-06-16, 'F', 'Engenheiro de Informática');
insert into PACIENTE values(34, 926023214, 'Joana Abdul', 'Entroncamento de Matosinhos', 1996-08-04, 'M', 'Professor de Programas');
insert into PACIENTE values(35, 925862224, 'Bernardo Pinheiro', 'Perfeitura de Roma', 1993-03-26, 'F', 'Advogado de Estados');
insert into PACIENTE values(36, 917688507, 'Bernardo Barbosa', 'Perfeitura de Paris', 2009-09-26, 'M', 'Gestor de Informática');
insert into PACIENTE values(37, 914246661, 'Pedro Barbosa', 'Perfeitura de Matosinhos', 1994-01-05, 'F', 'Doutor de Civil');
insert into PACIENTE values(38, 910348530, 'Guilherme Basílico', 'Entroncamento de Brasília', 2010-07-12, 'F', 'Doutor de Sistemas');
insert into PACIENTE values(39, 921362268, 'André Mercedes', 'Avenida de Xangai', 2015-11-11, 'O', 'Professor de Estados');
insert into PACIENTE values(40, 925938321, 'Bernardo Peixe', 'Rua de Braga', 1975-03-07, 'F', 'Contabilista de Contas');
insert into PACIENTE values(41, 924521562, 'Bernardo Pinheiro', 'Perfeitura de Faro', 1990-07-12, 'F', 'Contabilista de Civil');
insert into PACIENTE values(42, 929444685, 'Anderson Bianca', 'Perfeitura de Xangai', 1975-03-25, 'F', 'Contabilista de Estados');
insert into PACIENTE values(43, 915039649, 'José Almeida', 'Perfeitura de Paris', 1974-04-13, 'F', 'Contabilista de Civil');
insert into PACIENTE values(44, 915008892, 'Paulo Peixe', 'Perfeitura de Marrocos', 2003-12-06, 'O', 'Gestor de Informática');
insert into PACIENTE values(45, 918765698, 'Afonso Pinheiro', 'Rua de Melbourne', 1990-06-10, 'M', 'Professor de Civil');
insert into PACIENTE values(46, 919937517, 'Guilherme Pinheiro', 'Perfeitura de Faro', 1973-05-17, 'M', 'Gestor de Informática');
insert into PACIENTE values(47, 911921186, 'Paula Guedes', 'Avenida de Melbourne', 1986-10-01, 'O', 'Professor de Sistemas');
insert into PACIENTE values(48, 916866167, 'Paula Vieira', 'Avenida de Braga', 1969-01-26, 'O', 'Professor de Informática');
insert into PACIENTE values(49, 910220430, 'Francisca Luís', 'Perfeitura de Madrid', 2006-01-18, 'M', 'Engenheiro de Estados');
insert into PACIENTE values(50, 925424202, 'Anabela Silva', 'Rua de Copenhaga', 2012-03-26, 'O', 'Professor de Programas');
insert into PACIENTE values(51, 925315263, 'André Silva', 'Perfeitura de Filadélfia', 2012-12-26, 'F', 'Engenheiro de Estados');
insert into PACIENTE values(52, 915282489, 'João Veiga', 'Bairro de Lisboa', 1988-03-16, 'M', 'Gestor de Sistemas');
insert into PACIENTE values(53, 911416146, 'Bernardo Guedes', 'Bairro de Copenhaga', 2012-09-24, 'M', 'Secretário de Contas');
insert into PACIENTE values(54, 914792515, 'Anabela Barbosa', 'Avenida de Melbourne', 1961-04-18, 'O', 'Engenheiro de Estados');
insert into PACIENTE values(55, 927044922, 'Paula Cavalheiro', 'Perfeitura de Marrocos', 1956-03-05, 'F', 'Doutor de Informática');
insert into PACIENTE values(56, 928071317, 'Juliano Barbosa', 'Perfeitura de Filadélfia', 1994-05-25, 'F', 'Contabilista de Sistemas');
insert into PACIENTE values(57, 921976504, 'Bernardo Vieira', 'Rua de Madrid', 1983-02-16, 'O', 'Doutor de Programas');
insert into PACIENTE values(58, 913363085, 'Júlia Abdul', 'Entroncamento de Osaka', 1985-01-15, 'F', 'Advogado de Sistemas');
insert into PACIENTE values(59, 918803402, 'Guilherme Bianca', 'Entroncamento de Londres', 1965-10-19, 'F', 'Professor de Civil');
insert into PACIENTE values(60, 924699302, 'Francisca Almeida', 'Rua de Melbourne', 1985-12-14, 'F', 'Professor de Informática');
insert into PACIENTE values(61, 921562674, 'Paulo Abdul', 'Entroncamento de Granada', 1972-04-12, 'F', 'Engenheiro de Civil');
insert into PACIENTE values(62, 923317060, 'Afonso Peixe', 'Perfeitura de Vila Nova', 1975-05-09, 'F', 'Contabilista de Informática');

insert into PESSOAaCONTACTAR values(63, 938833230, 'Francisco Veiga', 'Bairro de Lisboa', 2000-01-10, 'M');
insert into PESSOAaCONTACTAR values(64, 935750925, 'João Araújo', 'Entroncamento de Brasília', 1993-04-18, 'F');
insert into PESSOAaCONTACTAR values(65, 946997231, 'Francisca Peixe', 'Bairro de Faro', 1974-03-01, 'F');
insert into PESSOAaCONTACTAR values(66, 930737379, 'Paula Bianca', 'Bairro de Xangai', 2001-02-18, 'O');
insert into PESSOAaCONTACTAR values(67, 946384289, 'Ricardo Silva', 'Bairro de Faro', 2005-08-21, 'M');
insert into PESSOAaCONTACTAR values(68, 947011259, 'Francisca Araújo', 'Entroncamento de Filadélfia', 1985-02-02, 'M');
insert into PESSOAaCONTACTAR values(69, 946742073, 'Paula Luís', 'Entroncamento de Matosinhos', 1966-06-22, 'O');
insert into PESSOAaCONTACTAR values(70, 930725417, 'Francisca Bianca', 'Entroncamento de Filadélfia', 1952-07-01, 'F');
insert into PESSOAaCONTACTAR values(71, 942510548, 'Elisabete Barbosa', 'Bairro de Brasília', 2013-10-22, 'F');
insert into PESSOAaCONTACTAR values(72, 947700366, 'José Bianca', 'Avenida de Paris', 2004-01-16, 'M');
insert into PESSOAaCONTACTAR values(73, 944121490, 'Júlia Veiga', 'Bairro de Faro', 1997-05-26, 'M');
insert into PESSOAaCONTACTAR values(74, 943345694, 'Anabela Gigante', 'Entroncamento de Melbourne', 1988-07-21, 'M');
insert into PESSOAaCONTACTAR values(75, 935998481, 'Matilde Luís', 'Bairro de Lisboa', 2007-01-05, 'O');
insert into PESSOAaCONTACTAR values(76, 943863892, 'Guilherme Mercedes', 'Perfeitura de Londres', 1947-05-21, 'O');
insert into PESSOAaCONTACTAR values(77, 947753613, 'Guilherme Almeida', 'Avenida de Brasília', 1968-01-15, 'F');
insert into PESSOAaCONTACTAR values(78, 943947203, 'Afonso Almeida', 'Perfeitura de Lisboa', 1963-03-20, 'M');

insert into COLABORADOR values(79, 959179759, 'Afonso Pereira', 'Bairro de Brasília', 1991-11-26, 'M', 'Interino', null, null);
insert into COLABORADOR values(80, 969630024, 'Joana Veiga', 'Avenida de Matosinhos', 1945-04-21, 'O', 'Ajudante', null, null);
insert into COLABORADOR values(81, 959962343, 'Matilde Araújo', 'Bairro de Turim', 2009-11-25, 'F', 'Ajudante', null, null);
insert into COLABORADOR values(82, 951566113, 'Jorge Bianca', 'Entroncamento de Paris', 1998-03-10, 'M', 'Sub-Chefe', null, null);
insert into COLABORADOR values(83, 956562034, 'Francisca Gigante', 'Rua de Faro', 2008-07-25, 'O', 'Interino', null, null);
insert into COLABORADOR values(84, 957681051, 'Juliano Basílico', 'Rua de Granada', 2014-01-18, 'M', 'Sub-Chefe', null, null);
insert into COLABORADOR values(85, 950997646, 'Guilherme Mercedes', 'Perfeitura de Brasília', 2011-11-11, 'M', 'Interino', null, null);
insert into COLABORADOR values(86, 967190609, 'Joana Cavalheiro', 'Bairro de Granada', 1969-11-22, 'F', 'Ajudante', null, null);
insert into COLABORADOR values(87, 964407423, 'Anabela Araújo', 'Bairro de Berlim', 2009-10-12, 'O', 'Ajudante', null, null);
insert into COLABORADOR values(88, 966754898, 'André Barbosa', 'Entroncamento de Vila Nova', 1994-03-25, 'O', 'Ajudante', null, null);
insert into COLABORADOR values(89, 958696313, 'Anabela Mercedes', 'Bairro de Turim', 1985-01-06, 'M', 'Chefe', null, null);
insert into COLABORADOR values(90, 969440555, 'Júlia Veiga', 'Bairro de Roma', 1970-09-18, 'F', 'Sub-Chefe', null, null);
insert into COLABORADOR values(91, 962788383, 'Afonso Almeida', 'Perfeitura de Vila Nova', 1973-08-23, 'O', 'Chefe', null, null);
insert into COLABORADOR values(92, 956462610, 'Pedro Bianca', 'Entroncamento de Porto', 1989-11-04, 'O', 'Interino', null, null);
insert into COLABORADOR values(93, 962327054, 'Bernardo Cavalheiro', 'Avenida de Faro', 1950-01-02, 'M', 'Interino', null, null);
insert into COLABORADOR values(94, 951777321, 'Juliano Peixe', 'Perfeitura de Madrid', 1962-05-08, 'F', 'Sub-Chefe', null, null);
insert into COLABORADOR values(95, 961081162, 'Anderson Cavalheiro', 'Rua de Braga', 1977-10-03, 'F', 'Interino', null, null);
insert into COLABORADOR values(96, 952425157, 'Elisabete Cavalheiro', 'Rua de Lisboa', 1959-10-10, 'M', 'Chefe', null, null);
insert into COLABORADOR values(97, 952623848, 'Juliano Cavalheiro', 'Perfeitura de Berlim', 1947-06-20, 'F', 'Sub-Chefe', null, null);
insert into COLABORADOR values(98, 954403196, 'Juliano Basílico', 'Entroncamento de Faro', 2016-12-11, 'M', 'Interino', null, null);
insert into COLABORADOR values(99, 957488644, 'Francisco Guedes', 'Bairro de Matosinhos', 1947-07-05, 'F', 'Interino', null, null);
insert into COLABORADOR values(100, 954683892, 'Jorge Bianca', 'Entroncamento de Lisboa', 2002-06-06, 'M', 'Interino', null, null);
insert into COLABORADOR values(101, 965956410, 'Joana Araújo', 'Bairro de Brasília', 2012-02-19, 'M', 'Sub-Chefe', null, null);
insert into COLABORADOR values(102, 953689878, 'André Mercedes', 'Bairro de Xangai', 2006-09-27, 'F', 'Ajudante', null, null);
insert into COLABORADOR values(103, 959945762, 'Francisca Abdul', 'Entroncamento de Matosinhos', 1964-05-25, 'F', 'Ajudante', null, null);
insert into COLABORADOR values(104, 952701245, 'Jorge Veiga', 'Entroncamento de Porto', 2016-09-12, 'F', 'Sub-Chefe', null, null);
insert into COLABORADOR values(105, 954198766, 'Angelo Moreira', 'Entroncamento de Lisboa', 1993-04-07, 'M', 'Ajudante', null, null);
insert into COLABORADOR values(106, 950897655, 'Anderson Mercedes', 'Perfeitura de Copenhaga', 1985-11-26, 'O', 'Interino', null, null);
insert into COLABORADOR values(107, 961017589, 'Ricardo Almeida', 'Rua de Matosinhos', 2005-09-27, 'M', 'Sub-Chefe', null, null);
insert into COLABORADOR values(108, 966037611, 'Anderson Peixe', 'Perfeitura de Berlim', 2011-06-10, 'O', 'Chefe', null, null);
insert into COLABORADOR values(109, 967201134, 'Angelo Guedes', 'Avenida de Brasília', 1980-09-05, 'M', 'Interino', null, null);
insert into COLABORADOR values(110, 953926917, 'Anabela Gigante', 'Entroncamento de Paris', 1968-06-19, 'F', 'Chefe', null, null);
insert into COLABORADOR values(111, 952200126, 'Guilherme Pereira', 'Perfeitura de Filadélfia', 1981-10-07, 'F', 'Chefe', null, null);
insert into COLABORADOR values(112, 964233168, 'João Luís', 'Perfeitura de Filadélfia', 1963-08-05, 'M', 'Ajudante', null, null);
insert into COLABORADOR values(113, 954187235, 'Francisca Luís', 'Entroncamento de Lisboa', 2003-10-24, 'O', 'Sub-Chefe', null, null);
insert into COLABORADOR values(114, 969128336, 'Francisca Pinheiro', 'Bairro de Vila Nova', 2017-01-07, 'M', 'Ajudante', null, null);
insert into COLABORADOR values(115, 950515848, 'Francisca Guedes', 'Rua de Turim', 2014-11-15, 'O', 'Interino', null, null);
insert into COLABORADOR values(116, 950818063, 'Ricardo Basílico', 'Rua de Matosinhos', 2017-04-18, 'O', 'Chefe', null, null);
insert into COLABORADOR values(117, 958603259, 'Anderson Mercedes', 'Rua de Copenhaga', 1950-01-16, 'O', 'Ajudante', null, null);

insert into COLABORADOR values(118, 960778037, 'Francisca Abdul', 'Bairro de Matosinhos', 1959-08-23, 'M', null, 'Tripas à Moda do Porto', null);
insert into COLABORADOR values(119, 955852024, 'Pedro Peixe', 'Bairro de Granada', 1985-05-06, 'O', null, 'Tripas à Moda do Porto', null);
insert into COLABORADOR values(120, 960863392, 'Paulo Gigante', 'Avenida de Marrocos', 1964-03-21, 'O', null, 'Camarão da Costa', null);
insert into COLABORADOR values(121, 965645133, 'Francisco Silva', 'Perfeitura de Marrocos', 1980-02-05, 'F', null, 'Bacalhau com Broa', null);
insert into COLABORADOR values(122, 952593413, 'Elisabete Abdul', 'Bairro de Xangai', 1954-02-04, 'O', null, 'Camarão da Costa', null);
insert into COLABORADOR values(123, 966782848, 'Jorge Peixe', 'Bairro de Roma', 1978-06-19, 'O', null, 'Torresmos', null);
insert into COLABORADOR values(124, 954981640, 'José Mercedes', 'Entroncamento de Matosinhos', 1958-10-23, 'F', null, 'Bacalhau com Broa', null);
insert into COLABORADOR values(125, 962526886, 'Bernardo Gigante', 'Entroncamento de Braga', 1969-11-21, 'M', null, 'Fígado de Cebolada', null);
insert into COLABORADOR values(126, 959890321, 'André Mercedes', 'Perfeitura de Lisboa', 2008-09-20, 'F', null, 'Fígado de Cebolada', null);
insert into COLABORADOR values(127, 954793618, 'Jorge Mercedes', 'Rua de Lisboa', 1969-10-08, 'F', null, 'Camarão da Costa', null);
insert into COLABORADOR values(128, 956038249, 'Elisabete Peixe', 'Bairro de Copenhaga', 1975-04-20, 'F', null, 'Porco Assado', null);
insert into COLABORADOR values(129, 962512973, 'Afonso Guedes', 'Rua de Braga', 2000-12-18, 'F', null, 'Torresmos', null);
insert into COLABORADOR values(130, 963973789, 'Anderson Guedes', 'Entroncamento de Madrid', 1954-02-06, 'F', null, 'Camarão da Costa', null);
insert into COLABORADOR values(131, 955096087, 'Matilde Basílico', 'Rua de Lisboa', 1959-09-22, 'M', null, 'Fígado de Cebolada', null);
insert into COLABORADOR values(132, 962818272, 'Anabela Luís', 'Bairro de Roma', 1956-02-07, 'F', null, 'Camarão da Costa', null);
insert into COLABORADOR values(133, 953604997, 'André Pinheiro', 'Perfeitura de Filadélfia', 1996-05-03, 'M', null, 'Camarão da Costa', null);
insert into COLABORADOR values(134, 961297464, 'Elisabete Mercedes', 'Avenida de Faro', 1993-01-24, 'F', null, 'Tripas à Moda do Porto', null);
insert into COLABORADOR values(135, 967131344, 'Júlia Pinheiro', 'Perfeitura de Lisboa', 1949-04-28, 'F', null, 'Torresmos', null);
insert into COLABORADOR values(136, 966112477, 'Paulo Almeida', 'Avenida de Marrocos', 1981-08-07, 'M', null, 'Bacalhau com Broa', null);
insert into COLABORADOR values(137, 961084987, 'Pedro Cavalheiro', 'Perfeitura de Porto', 1993-02-23, 'M', null, 'Porco Assado', null);
insert into COLABORADOR values(138, 962513022, 'Paula Cavalheiro', 'Entroncamento de Brasília', 1975-01-20, 'M', null, 'Porco Assado', null);
insert into COLABORADOR values(139, 956598695, 'Júlia Abdul', 'Bairro de Copenhaga', 1973-12-07, 'F', null, 'Bacalhau com Broa', null);
insert into COLABORADOR values(140, 955231504, 'Elisabete Silva', 'Rua de Vila Nova', 1951-05-17, 'M', null, 'Bacalhau com Broa', null);
insert into COLABORADOR values(141, 969473178, 'Guilherme Bianca', 'Bairro de Lisboa', 1978-07-11, 'F', null, 'Camarão da Costa', null);
insert into COLABORADOR values(142, 952631509, 'Júlia Luís', 'Bairro de Brasília', 1995-02-16, 'M', null, 'Porco Assado', null);
insert into COLABORADOR values(143, 967010497, 'Francisca Luís', 'Avenida de Marrocos', 1984-11-04, 'M', null, 'Fígado de Cebolada', null);
insert into COLABORADOR values(144, 961551411, 'Afonso Veiga', 'Avenida de Marrocos', 1988-08-18, 'F', null, 'Torresmos', null);
insert into COLABORADOR values(145, 956385243, 'Francisco Araújo', 'Rua de Vila Nova', 1962-12-18, 'M', null, 'Tripas à Moda do Porto', null);
insert into COLABORADOR values(146, 954314377, 'José Bianca', 'Perfeitura de Brasília', 1949-02-18, 'F', null, 'Camarão da Costa', null);
insert into COLABORADOR values(147, 960927873, 'João Veiga', 'Perfeitura de Roma', 1975-11-01, 'F', null, 'Bacalhau com Broa', null);
insert into COLABORADOR values(148, 969106860, 'Ana Mercedes', 'Avenida de Marrocos', 1973-05-01, 'O', null, 'Fígado de Cebolada', null);
insert into COLABORADOR values(149, 958477520, 'Ricardo Abdul', 'Bairro de Granada', 1991-09-16, 'O', null, 'Camarão da Costa', null);
insert into COLABORADOR values(150, 966394760, 'Ana Silva', 'Avenida de Melbourne', 1988-05-12, 'O', null, 'Bacalhau com Broa', null);
insert into COLABORADOR values(151, 958930211, 'Angelo Basílico', 'Entroncamento de Melbourne', 2007-06-09, 'M', null, 'Porco Assado', null);
insert into COLABORADOR values(152, 959027186, 'Jorge Pinheiro', 'Entroncamento de Lisboa', 1992-03-02, 'F', null, 'Fígado de Cebolada', null);
insert into COLABORADOR values(153, 952092620, 'Guilherme Gigante', 'Perfeitura de Londres', 1985-06-04, 'M', null, 'Camarão da Costa', null);
insert into COLABORADOR values(154, 962940213, 'Jorge Basílico', 'Entroncamento de Londres', 1998-12-13, 'O', null, 'Tripas à Moda do Porto', null);
insert into COLABORADOR values(155, 959516763, 'Anderson Barbosa', 'Perfeitura de Brasília', 1979-01-28, 'F', null, 'Torresmos', null);
insert into COLABORADOR values(156, 959841397, 'Matilde Veiga', 'Bairro de Madrid', 1971-08-11, 'F', null, 'Torresmos', null);

insert into COLABORADOR values(157, 954356228, 'Francisca Pinheiro', 'Perfeitura de Berlim', 2015-05-16, 'F', null, null, 2);
insert into COLABORADOR values(158, 966603529, 'Paulo Bianca', 'Bairro de Berlim', 1985-12-05, 'F', null, null, 2);
insert into COLABORADOR values(159, 967931472, 'Júlia Mercedes', 'Entroncamento de Lisboa', 1982-10-22, 'F', null, null, 1);
insert into COLABORADOR values(160, 954699251, 'Anabela Bianca', 'Perfeitura de Lisboa', 1994-07-05, 'F', null, null, 4);
insert into COLABORADOR values(161, 968453607, 'Juliano Bianca', 'Entroncamento de Matosinhos', 1962-02-09, 'F', null, null, 5);
insert into COLABORADOR values(162, 951027170, 'Bernardo Luís', 'Entroncamento de Matosinhos', 1957-08-07, 'O', null, null, 3);
insert into COLABORADOR values(163, 958555862, 'Matilde Almeida', 'Perfeitura de Xangai', 1960-07-24, 'O', null, null, 5);
insert into COLABORADOR values(164, 961273694, 'Elisabete Bianca', 'Rua de Copenhaga', 1980-02-14, 'M', null, null, 1);
insert into COLABORADOR values(165, 962252235, 'Bernardo Veiga', 'Bairro de Paris', 1968-05-21, 'M', null, null, 6);
insert into COLABORADOR values(166, 960790406, 'Francisca Basílico', 'Avenida de Faro', 2001-09-20, 'M', null, null, 6);
insert into COLABORADOR values(167, 952122159, 'Bernardo Veiga', 'Entroncamento de Granada', 2011-09-07, 'F', null, null, 2);
insert into COLABORADOR values(168, 969535586, 'Matilde Pereira', 'Bairro de Granada', 2002-08-16, 'O', null, null, 4);
insert into COLABORADOR values(169, 952222062, 'Francisca Vieira', 'Avenida de Faro', 1952-08-03, 'F', null, null, 2);
insert into COLABORADOR values(170, 961705779, 'Juliano Basílico', 'Avenida de Matosinhos', 1960-02-27, 'M', null, null, 4);
insert into COLABORADOR values(171, 955793250, 'Júlia Pinheiro', 'Entroncamento de Porto', 2006-11-21, 'F', null, null, 2);
insert into COLABORADOR values(172, 964681535, 'Anabela Gigante', 'Rua de Braga', 1994-08-07, 'F', null, null, 3);
insert into COLABORADOR values(173, 963236767, 'Francisco Basílico', 'Perfeitura de Copenhaga', 1968-12-06, 'F', null, null, 5);
insert into COLABORADOR values(174, 961518428, 'João Basílico', 'Rua de Vila Nova', 2010-11-26, 'M', null, null, 3);
insert into COLABORADOR values(175, 967736968, 'Anabela Moreira', 'Rua de Xangai', 1990-01-02, 'F', null, null, 3);
insert into COLABORADOR values(176, 952693587, 'Francisca Moreira', 'Bairro de Granada', 1985-01-20, 'F', null, null, 2);
insert into COLABORADOR values(177, 951788650, 'Anabela Luís', 'Perfeitura de Madrid', 2011-06-26, 'O', null, null, 6);
insert into COLABORADOR values(178, 961088349, 'André Barbosa', 'Perfeitura de Xangai', 2007-05-18, 'F', null, null, 4);
insert into COLABORADOR values(179, 966703221, 'Bernardo Veiga', 'Perfeitura de Londres', 1961-06-22, 'M', null, null, 1);
insert into COLABORADOR values(180, 961010773, 'Guilherme Barbosa', 'Perfeitura de Filadélfia', 1948-04-16, 'M', null, null, 6);
insert into COLABORADOR values(181, 966730386, 'André Silva', 'Perfeitura de Marrocos', 1981-03-20, 'O', null, null, 2);
insert into COLABORADOR values(182, 966399083, 'José Peixe', 'Perfeitura de Braga', 1978-09-02, 'F', null, null, 6);
insert into COLABORADOR values(183, 969662147, 'Paula Moreira', 'Entroncamento de Matosinhos', 2003-04-14, 'F', null, null, 6);
insert into COLABORADOR values(184, 958784426, 'Angelo Silva', 'Avenida de Xangai', 1996-10-23, 'F', null, null, 2);
insert into COLABORADOR values(185, 958062263, 'Guilherme Abdul', 'Avenida de Faro', 1956-12-09, 'F', null, null, 4);
insert into COLABORADOR values(186, 950720692, 'Francisca Bianca', 'Perfeitura de Filadélfia', 2000-10-03, 'F', null, null, 4);
insert into COLABORADOR values(187, 958519225, 'Juliano Bianca', 'Rua de Paris', 1989-05-26, 'M', null, null, 5);
insert into COLABORADOR values(188, 954957699, 'Paulo Guedes', 'Avenida de Paris', 2002-07-20, 'F', null, null, 2);
insert into COLABORADOR values(189, 967871084, 'Anabela Bianca', 'Bairro de Roma', 1968-04-08, 'O', null, null, 2);
insert into COLABORADOR values(190, 968381180, 'Matilde Luís', 'Perfeitura de Matosinhos', 1989-05-25, 'F', null, null, 3);
insert into COLABORADOR values(191, 967168442, 'Elisabete Almeida', 'Avenida de Marrocos', 2008-07-21, 'M', null, null, 6);
insert into COLABORADOR values(192, 969848811, 'Joana Peixe', 'Bairro de Madrid', 1989-05-08, 'M', null, null, 1);
insert into COLABORADOR values(193, 961367784, 'Juliano Basílico', 'Rua de Roma', 2011-10-05, 'M', null, null, 2);
insert into COLABORADOR values(194, 960042977, 'Francisca Mercedes', 'Entroncamento de Granada', 1970-02-16, 'O', null, null, 3);
insert into COLABORADOR values(195, 967899395, 'José Cavalheiro', 'Avenida de Nova Iorque', 2008-09-09, 'F', null, null, 3);

insert into GRAUdePARENTESCO values(1, 76);
insert into GRAUdePARENTESCO values(2, 63);
insert into GRAUdePARENTESCO values(3, 69);
insert into GRAUdePARENTESCO values(4, 70);
insert into GRAUdePARENTESCO values(5, 70);
insert into GRAUdePARENTESCO values(6, 78);
insert into GRAUdePARENTESCO values(7, 63);
insert into GRAUdePARENTESCO values(8, 70);
insert into GRAUdePARENTESCO values(9, 71);
insert into GRAUdePARENTESCO values(10, 72);
insert into GRAUdePARENTESCO values(11, 77);
insert into GRAUdePARENTESCO values(12, 64);
insert into GRAUdePARENTESCO values(13, 78);
insert into GRAUdePARENTESCO values(14, 76);
insert into GRAUdePARENTESCO values(15, 68);
insert into GRAUdePARENTESCO values(16, 70);
insert into GRAUdePARENTESCO values(17, 63);
insert into GRAUdePARENTESCO values(18, 70);
insert into GRAUdePARENTESCO values(19, 70);
insert into GRAUdePARENTESCO values(20, 72);
insert into GRAUdePARENTESCO values(21, 65);
insert into GRAUdePARENTESCO values(22, 70);
insert into GRAUdePARENTESCO values(23, 67);
insert into GRAUdePARENTESCO values(24, 67);
insert into GRAUdePARENTESCO values(25, 74);
insert into GRAUdePARENTESCO values(26, 70);
insert into GRAUdePARENTESCO values(27, 64);
insert into GRAUdePARENTESCO values(28, 77);
insert into GRAUdePARENTESCO values(29, 72);
insert into GRAUdePARENTESCO values(30, 76);
insert into GRAUdePARENTESCO values(31, 76);
insert into GRAUdePARENTESCO values(32, 65);
insert into GRAUdePARENTESCO values(33, 66);
insert into GRAUdePARENTESCO values(34, 63);
insert into GRAUdePARENTESCO values(35, 65);
insert into GRAUdePARENTESCO values(36, 72);
insert into GRAUdePARENTESCO values(37, 76);
insert into GRAUdePARENTESCO values(38, 64);
insert into GRAUdePARENTESCO values(39, 76);
insert into GRAUdePARENTESCO values(40, 65);
insert into GRAUdePARENTESCO values(41, 64);
insert into GRAUdePARENTESCO values(42, 63);
insert into GRAUdePARENTESCO values(43, 76);
insert into GRAUdePARENTESCO values(44, 77);
insert into GRAUdePARENTESCO values(45, 66);
insert into GRAUdePARENTESCO values(46, 69);
insert into GRAUdePARENTESCO values(47, 75);
insert into GRAUdePARENTESCO values(48, 72);
insert into GRAUdePARENTESCO values(49, 68);
insert into GRAUdePARENTESCO values(50, 66);
insert into GRAUdePARENTESCO values(51, 72);
insert into GRAUdePARENTESCO values(52, 68);
insert into GRAUdePARENTESCO values(53, 75);
insert into GRAUdePARENTESCO values(54, 73);
insert into GRAUdePARENTESCO values(55, 71);
insert into GRAUdePARENTESCO values(56, 74);
insert into GRAUdePARENTESCO values(57, 63);
insert into GRAUdePARENTESCO values(58, 70);
insert into GRAUdePARENTESCO values(59, 77);
insert into GRAUdePARENTESCO values(60, 69);
insert into GRAUdePARENTESCO values(61, 66);
insert into GRAUdePARENTESCO values(62, 77);

insert into PacienteSegurosPatologia values(1, 6, 26);
insert into PacienteSegurosPatologia values(2, 3, 19);
insert into PacienteSegurosPatologia values(3, 11, 39);
insert into PacienteSegurosPatologia values(4, 7, 29);
insert into PacienteSegurosPatologia values(5, 12, 13);
insert into PacienteSegurosPatologia values(6, 11, 20);
insert into PacienteSegurosPatologia values(7, 2, 35);
insert into PacienteSegurosPatologia values(8, 7, 2);
insert into PacienteSegurosPatologia values(9, 6, 12);
insert into PacienteSegurosPatologia values(10, 4, 15);
insert into PacienteSegurosPatologia values(11, 11, 2);
insert into PacienteSegurosPatologia values(12, 1, 2);
insert into PacienteSegurosPatologia values(13, 7, 15);
insert into PacienteSegurosPatologia values(14, 6, 31);
insert into PacienteSegurosPatologia values(15, 12, 20);
insert into PacienteSegurosPatologia values(16, 4, 30);
insert into PacienteSegurosPatologia values(17, 5, 1);
insert into PacienteSegurosPatologia values(18, 10, 15);
insert into PacienteSegurosPatologia values(19, 9, 3);
insert into PacienteSegurosPatologia values(20, 4, 15);
insert into PacienteSegurosPatologia values(21, 1, 13);
insert into PacienteSegurosPatologia values(22, 11, 23);
insert into PacienteSegurosPatologia values(23, 1, 15);
insert into PacienteSegurosPatologia values(24, 6, 19);
insert into PacienteSegurosPatologia values(25, 4, 25);
insert into PacienteSegurosPatologia values(26, 9, 1);
insert into PacienteSegurosPatologia values(27, 12, 36);
insert into PacienteSegurosPatologia values(28, 11, 10);
insert into PacienteSegurosPatologia values(29, 11, 19);
insert into PacienteSegurosPatologia values(30, 1, 31);
insert into PacienteSegurosPatologia values(31, 2, 8);
insert into PacienteSegurosPatologia values(32, 5, 13);
insert into PacienteSegurosPatologia values(33, 8, 4);
insert into PacienteSegurosPatologia values(34, 1, 39);
insert into PacienteSegurosPatologia values(35, 12, 7);
insert into PacienteSegurosPatologia values(36, 10, 28);
insert into PacienteSegurosPatologia values(37, 3, 12);
insert into PacienteSegurosPatologia values(38, 3, 19);
insert into PacienteSegurosPatologia values(39, 10, 13);
insert into PacienteSegurosPatologia values(40, 9, 4);
insert into PacienteSegurosPatologia values(41, 4, 2);
insert into PacienteSegurosPatologia values(42, 4, 31);
insert into PacienteSegurosPatologia values(43, 3, 11);
insert into PacienteSegurosPatologia values(44, 3, 10);
insert into PacienteSegurosPatologia values(45, 6, 34);
insert into PacienteSegurosPatologia values(46, 8, 26);
insert into PacienteSegurosPatologia values(47, 11, 19);
insert into PacienteSegurosPatologia values(48, 7, 19);
insert into PacienteSegurosPatologia values(49, 3, 29);
insert into PacienteSegurosPatologia values(50, 9, 34);
insert into PacienteSegurosPatologia values(51, 9, 26);
insert into PacienteSegurosPatologia values(52, 6, 18);
insert into PacienteSegurosPatologia values(53, 12, 26);
insert into PacienteSegurosPatologia values(54, 12, 26);
insert into PacienteSegurosPatologia values(55, 7, 15);
insert into PacienteSegurosPatologia values(56, 7, 24);
insert into PacienteSegurosPatologia values(57, 4, 31);
insert into PacienteSegurosPatologia values(58, 10, 30);
insert into PacienteSegurosPatologia values(59, 3, 1);
insert into PacienteSegurosPatologia values(60, 5, 33);
insert into PacienteSegurosPatologia values(61, 2, 8);
insert into PacienteSegurosPatologia values(62, 7, 37);

insert into DATAdeNASCIMENTO values(1945-04-21, 76);
insert into DATAdeNASCIMENTO values(1946-07-12, 75);
insert into DATAdeNASCIMENTO values(1947-05-21, 74);
insert into DATAdeNASCIMENTO values(1947-06-20, 74);
insert into DATAdeNASCIMENTO values(1947-07-05, 74);
insert into DATAdeNASCIMENTO values(1948-04-16, 73);
insert into DATAdeNASCIMENTO values(1948-11-15, 73);
insert into DATAdeNASCIMENTO values(1948-12-17, 73);
insert into DATAdeNASCIMENTO values(1949-02-18, 72);
insert into DATAdeNASCIMENTO values(1949-04-28, 72);
insert into DATAdeNASCIMENTO values(1949-06-04, 72);
insert into DATAdeNASCIMENTO values(1949-08-13, 72);
insert into DATAdeNASCIMENTO values(1949-10-25, 72);
insert into DATAdeNASCIMENTO values(1950-01-02, 71);
insert into DATAdeNASCIMENTO values(1950-01-16, 71);
insert into DATAdeNASCIMENTO values(1951-05-17, 70);
insert into DATAdeNASCIMENTO values(1951-12-23, 70);
insert into DATAdeNASCIMENTO values(1952-06-02, 69);
insert into DATAdeNASCIMENTO values(1952-07-01, 69);
insert into DATAdeNASCIMENTO values(1952-08-03, 69);
insert into DATAdeNASCIMENTO values(1954-02-04, 67);
insert into DATAdeNASCIMENTO values(1954-02-06, 67);
insert into DATAdeNASCIMENTO values(1955-07-18, 66);
insert into DATAdeNASCIMENTO values(1956-02-07, 65);
insert into DATAdeNASCIMENTO values(1956-03-05, 65);
insert into DATAdeNASCIMENTO values(1956-12-09, 65);
insert into DATAdeNASCIMENTO values(1957-08-07, 64);
insert into DATAdeNASCIMENTO values(1958-10-23, 63);
insert into DATAdeNASCIMENTO values(1959-03-15, 62);
insert into DATAdeNASCIMENTO values(1959-08-23, 62);
insert into DATAdeNASCIMENTO values(1959-09-22, 62);
insert into DATAdeNASCIMENTO values(1959-10-10, 62);
insert into DATAdeNASCIMENTO values(1960-02-27, 61);
insert into DATAdeNASCIMENTO values(1960-07-24, 61);
insert into DATAdeNASCIMENTO values(1961-04-18, 60);
insert into DATAdeNASCIMENTO values(1961-06-22, 60);
insert into DATAdeNASCIMENTO values(1962-02-09, 59);
insert into DATAdeNASCIMENTO values(1962-05-08, 59);
insert into DATAdeNASCIMENTO values(1962-11-12, 59);
insert into DATAdeNASCIMENTO values(1962-12-18, 59);
insert into DATAdeNASCIMENTO values(1963-03-20, 58);
insert into DATAdeNASCIMENTO values(1963-07-02, 58);
insert into DATAdeNASCIMENTO values(1963-08-05, 58);
insert into DATAdeNASCIMENTO values(1964-03-21, 57);
insert into DATAdeNASCIMENTO values(1964-05-25, 57);
insert into DATAdeNASCIMENTO values(1965-10-19, 56);
insert into DATAdeNASCIMENTO values(1966-01-11, 55);
insert into DATAdeNASCIMENTO values(1966-06-16, 55);
insert into DATAdeNASCIMENTO values(1966-06-22, 55);
insert into DATAdeNASCIMENTO values(1967-04-09, 54);
insert into DATAdeNASCIMENTO values(1968-01-15, 53);
insert into DATAdeNASCIMENTO values(1968-04-08, 53);
insert into DATAdeNASCIMENTO values(1968-05-21, 53);
insert into DATAdeNASCIMENTO values(1968-06-19, 53);
insert into DATAdeNASCIMENTO values(1968-12-06, 53);
insert into DATAdeNASCIMENTO values(1969-01-26, 52);
insert into DATAdeNASCIMENTO values(1969-04-12, 52);
insert into DATAdeNASCIMENTO values(1969-10-08, 52);
insert into DATAdeNASCIMENTO values(1969-11-21, 52);
insert into DATAdeNASCIMENTO values(1969-11-22, 52);
insert into DATAdeNASCIMENTO values(1970-02-16, 51);
insert into DATAdeNASCIMENTO values(1970-09-18, 51);
insert into DATAdeNASCIMENTO values(1971-08-11, 50);
insert into DATAdeNASCIMENTO values(1972-04-12, 49);
insert into DATAdeNASCIMENTO values(1973-05-01, 48);
insert into DATAdeNASCIMENTO values(1973-05-17, 48);
insert into DATAdeNASCIMENTO values(1973-08-23, 48);
insert into DATAdeNASCIMENTO values(1973-11-10, 48);
insert into DATAdeNASCIMENTO values(1973-12-07, 48);
insert into DATAdeNASCIMENTO values(1974-03-01, 47);
insert into DATAdeNASCIMENTO values(1974-04-13, 47);
insert into DATAdeNASCIMENTO values(1975-01-20, 46);
insert into DATAdeNASCIMENTO values(1975-03-07, 46);
insert into DATAdeNASCIMENTO values(1975-03-25, 46);
insert into DATAdeNASCIMENTO values(1975-04-20, 46);
insert into DATAdeNASCIMENTO values(1975-05-09, 46);
insert into DATAdeNASCIMENTO values(1975-05-12, 46);
insert into DATAdeNASCIMENTO values(1975-11-01, 46);
insert into DATAdeNASCIMENTO values(1976-12-07, 45);
insert into DATAdeNASCIMENTO values(1977-10-03, 44);
insert into DATAdeNASCIMENTO values(1977-12-28, 44);
insert into DATAdeNASCIMENTO values(1978-06-19, 43);
insert into DATAdeNASCIMENTO values(1978-07-11, 43);
insert into DATAdeNASCIMENTO values(1978-09-02, 43);
insert into DATAdeNASCIMENTO values(1979-01-28, 42);
insert into DATAdeNASCIMENTO values(1979-03-24, 42);
insert into DATAdeNASCIMENTO values(1980-02-05, 41);
insert into DATAdeNASCIMENTO values(1980-02-14, 41);
insert into DATAdeNASCIMENTO values(1980-09-05, 41);
insert into DATAdeNASCIMENTO values(1981-03-20, 40);
insert into DATAdeNASCIMENTO values(1981-08-07, 40);
insert into DATAdeNASCIMENTO values(1981-10-07, 40);
insert into DATAdeNASCIMENTO values(1982-05-25, 39);
insert into DATAdeNASCIMENTO values(1982-10-22, 39);
insert into DATAdeNASCIMENTO values(1983-02-16, 38);
insert into DATAdeNASCIMENTO values(1984-11-04, 37);
insert into DATAdeNASCIMENTO values(1985-01-06, 36);
insert into DATAdeNASCIMENTO values(1985-01-15, 36);
insert into DATAdeNASCIMENTO values(1985-01-20, 36);
insert into DATAdeNASCIMENTO values(1985-02-02, 36);
insert into DATAdeNASCIMENTO values(1985-05-06, 36);
insert into DATAdeNASCIMENTO values(1985-06-04, 36);
insert into DATAdeNASCIMENTO values(1985-10-23, 36);
insert into DATAdeNASCIMENTO values(1985-11-26, 36);
insert into DATAdeNASCIMENTO values(1985-12-05, 36);
insert into DATAdeNASCIMENTO values(1985-12-14, 36);
insert into DATAdeNASCIMENTO values(1986-10-01, 35);
insert into DATAdeNASCIMENTO values(1988-02-26, 33);
insert into DATAdeNASCIMENTO values(1988-03-16, 33);
insert into DATAdeNASCIMENTO values(1988-05-12, 33);
insert into DATAdeNASCIMENTO values(1988-07-21, 33);
insert into DATAdeNASCIMENTO values(1988-08-18, 33);
insert into DATAdeNASCIMENTO values(1989-05-08, 32);
insert into DATAdeNASCIMENTO values(1989-05-25, 32);
insert into DATAdeNASCIMENTO values(1989-05-26, 32);
insert into DATAdeNASCIMENTO values(1989-11-04, 32);
insert into DATAdeNASCIMENTO values(1990-01-02, 31);
insert into DATAdeNASCIMENTO values(1990-06-10, 31);
insert into DATAdeNASCIMENTO values(1990-07-12, 31);
insert into DATAdeNASCIMENTO values(1991-09-16, 30);
insert into DATAdeNASCIMENTO values(1991-11-14, 30);
insert into DATAdeNASCIMENTO values(1991-11-26, 30);
insert into DATAdeNASCIMENTO values(1992-03-02, 29);
insert into DATAdeNASCIMENTO values(1993-01-24, 28);
insert into DATAdeNASCIMENTO values(1993-02-23, 28);
insert into DATAdeNASCIMENTO values(1993-03-26, 28);
insert into DATAdeNASCIMENTO values(1993-04-07, 28);
insert into DATAdeNASCIMENTO values(1993-04-12, 28);
insert into DATAdeNASCIMENTO values(1993-04-18, 28);
insert into DATAdeNASCIMENTO values(1994-01-05, 27);
insert into DATAdeNASCIMENTO values(1994-03-25, 27);
insert into DATAdeNASCIMENTO values(1994-05-25, 27);
insert into DATAdeNASCIMENTO values(1994-07-05, 27);
insert into DATAdeNASCIMENTO values(1994-08-07, 27);
insert into DATAdeNASCIMENTO values(1995-02-16, 26);
insert into DATAdeNASCIMENTO values(1996-04-11, 25);
insert into DATAdeNASCIMENTO values(1996-05-03, 25);
insert into DATAdeNASCIMENTO values(1996-08-04, 25);
insert into DATAdeNASCIMENTO values(1996-10-23, 25);
insert into DATAdeNASCIMENTO values(1997-05-26, 24);
insert into DATAdeNASCIMENTO values(1998-03-10, 23);
insert into DATAdeNASCIMENTO values(1998-10-03, 23);
insert into DATAdeNASCIMENTO values(1998-12-13, 23);
insert into DATAdeNASCIMENTO values(2000-01-10, 21);
insert into DATAdeNASCIMENTO values(2000-10-03, 21);
insert into DATAdeNASCIMENTO values(2000-12-18, 21);
insert into DATAdeNASCIMENTO values(2001-02-18, 20);
insert into DATAdeNASCIMENTO values(2001-09-20, 20);
insert into DATAdeNASCIMENTO values(2002-06-06, 19);
insert into DATAdeNASCIMENTO values(2002-07-20, 19);
insert into DATAdeNASCIMENTO values(2002-08-16, 19);
insert into DATAdeNASCIMENTO values(2003-04-14, 18);
insert into DATAdeNASCIMENTO values(2003-10-24, 18);
insert into DATAdeNASCIMENTO values(2003-11-03, 18);
insert into DATAdeNASCIMENTO values(2003-12-06, 18);
insert into DATAdeNASCIMENTO values(2004-01-16, 17);
insert into DATAdeNASCIMENTO values(2005-08-21, 16);
insert into DATAdeNASCIMENTO values(2005-09-27, 16);
insert into DATAdeNASCIMENTO values(2006-01-18, 15);
insert into DATAdeNASCIMENTO values(2006-09-27, 15);
insert into DATAdeNASCIMENTO values(2006-11-21, 15);
insert into DATAdeNASCIMENTO values(2007-01-05, 14);
insert into DATAdeNASCIMENTO values(2007-05-18, 14);
insert into DATAdeNASCIMENTO values(2007-06-09, 14);
insert into DATAdeNASCIMENTO values(2008-07-21, 13);
insert into DATAdeNASCIMENTO values(2008-07-25, 13);
insert into DATAdeNASCIMENTO values(2008-09-09, 13);
insert into DATAdeNASCIMENTO values(2008-09-20, 13);
insert into DATAdeNASCIMENTO values(2008-12-13, 13);
insert into DATAdeNASCIMENTO values(2009-05-12, 12);
insert into DATAdeNASCIMENTO values(2009-09-26, 12);
insert into DATAdeNASCIMENTO values(2009-10-12, 12);
insert into DATAdeNASCIMENTO values(2009-11-25, 12);
insert into DATAdeNASCIMENTO values(2010-07-12, 11);
insert into DATAdeNASCIMENTO values(2010-10-18, 11);
insert into DATAdeNASCIMENTO values(2010-11-26, 11);
insert into DATAdeNASCIMENTO values(2011-06-10, 10);
insert into DATAdeNASCIMENTO values(2011-06-26, 10);
insert into DATAdeNASCIMENTO values(2011-09-07, 10);
insert into DATAdeNASCIMENTO values(2011-10-05, 10);
insert into DATAdeNASCIMENTO values(2011-11-11, 10);
insert into DATAdeNASCIMENTO values(2012-02-19, 9);
insert into DATAdeNASCIMENTO values(2012-03-26, 9);
insert into DATAdeNASCIMENTO values(2012-09-24, 9);
insert into DATAdeNASCIMENTO values(2012-12-26, 9);
insert into DATAdeNASCIMENTO values(2013-10-22, 8);
insert into DATAdeNASCIMENTO values(2013-10-24, 8);
insert into DATAdeNASCIMENTO values(2014-01-18, 7);
insert into DATAdeNASCIMENTO values(2014-11-15, 7);
insert into DATAdeNASCIMENTO values(2015-05-16, 6);
insert into DATAdeNASCIMENTO values(2015-11-11, 6);
insert into DATAdeNASCIMENTO values(2016-09-12, 5);
insert into DATAdeNASCIMENTO values(2016-12-11, 5);
insert into DATAdeNASCIMENTO values(2017-01-07, 4);
insert into DATAdeNASCIMENTO values(2017-04-18, 4);

insert into TRATA values(1, 159, null);
insert into TRATA values(1, 164, null);
insert into TRATA values(1, 179, null);
insert into TRATA values(1, 192, null);
insert into TRATA values(2, 159, null);
insert into TRATA values(2, 164, null);
insert into TRATA values(2, 179, null);
insert into TRATA values(2, 192, null);
insert into TRATA values(3, 157, null);
insert into TRATA values(3, 158, null);
insert into TRATA values(3, 167, null);
insert into TRATA values(3, 169, null);
insert into TRATA values(3, 171, null);
insert into TRATA values(3, 176, null);
insert into TRATA values(3, 181, null);
insert into TRATA values(3, 184, null);
insert into TRATA values(3, 188, null);
insert into TRATA values(3, 189, null);
insert into TRATA values(3, 193, null);
insert into TRATA values(4, 157, null);
insert into TRATA values(4, 158, null);
insert into TRATA values(4, 167, null);
insert into TRATA values(4, 169, null);
insert into TRATA values(4, 171, null);
insert into TRATA values(4, 176, null);
insert into TRATA values(4, 181, null);
insert into TRATA values(4, 184, null);
insert into TRATA values(4, 188, null);
insert into TRATA values(4, 189, null);
insert into TRATA values(4, 193, null);
insert into TRATA values(5, 162, null);
insert into TRATA values(5, 172, null);
insert into TRATA values(5, 174, null);
insert into TRATA values(5, 175, null);
insert into TRATA values(5, 190, null);
insert into TRATA values(5, 194, null);
insert into TRATA values(5, 195, null);
insert into TRATA values(6, 162, null);
insert into TRATA values(6, 172, null);
insert into TRATA values(6, 174, null);
insert into TRATA values(6, 175, null);
insert into TRATA values(6, 190, null);
insert into TRATA values(6, 194, null);
insert into TRATA values(6, 195, null);
insert into TRATA values(7, 160, null);
insert into TRATA values(7, 168, null);
insert into TRATA values(7, 170, null);
insert into TRATA values(7, 178, null);
insert into TRATA values(7, 185, null);
insert into TRATA values(7, 186, null);
insert into TRATA values(8, 160, null);
insert into TRATA values(8, 168, null);
insert into TRATA values(8, 170, null);
insert into TRATA values(8, 178, null);
insert into TRATA values(8, 185, null);
insert into TRATA values(8, 186, null);
insert into TRATA values(9, 161, null);
insert into TRATA values(9, 163, null);
insert into TRATA values(9, 173, null);
insert into TRATA values(9, 187, null);
insert into TRATA values(10, 161, null);
insert into TRATA values(10, 163, null);
insert into TRATA values(10, 173, null);
insert into TRATA values(10, 187, null);
insert into TRATA values(11, 165, null);
insert into TRATA values(11, 166, null);
insert into TRATA values(11, 177, null);
insert into TRATA values(11, 180, null);
insert into TRATA values(11, 182, null);
insert into TRATA values(11, 183, null);
insert into TRATA values(11, 191, null);
insert into TRATA values(12, 165, null);
insert into TRATA values(12, 166, null);
insert into TRATA values(12, 177, null);
insert into TRATA values(12, 180, null);
insert into TRATA values(12, 182, null);
insert into TRATA values(12, 183, null);
insert into TRATA values(12, 191, null);

